-- phpMyAdmin SQL Dump
-- version 5.0.2
-- https://www.phpmyadmin.net/
--
-- Host: 127.0.0.1
-- Generation Time: Jan 27, 2021 at 06:00 PM
-- Server version: 10.4.13-MariaDB
-- PHP Version: 7.2.31

SET SQL_MODE = "NO_AUTO_VALUE_ON_ZERO";
START TRANSACTION;
SET time_zone = "+00:00";


/*!40101 SET @OLD_CHARACTER_SET_CLIENT=@@CHARACTER_SET_CLIENT */;
/*!40101 SET @OLD_CHARACTER_SET_RESULTS=@@CHARACTER_SET_RESULTS */;
/*!40101 SET @OLD_COLLATION_CONNECTION=@@COLLATION_CONNECTION */;
/*!40101 SET NAMES utf8mb4 */;

--
-- Database: `locations`
--

-- --------------------------------------------------------

--
-- Table structure for table `districts`
--

CREATE TABLE `districts` (
  `district_name` varchar(14) DEFAULT NULL,
  `district_code` int(8) NOT NULL,
  `region_code` int(5) NOT NULL
) ENGINE=InnoDB DEFAULT CHARSET=utf8mb4;

--
-- Dumping data for table `districts`
--

INSERT INTO `districts` (`district_name`, `district_code`, `region_code`) VALUES
('ILALACBD', 111, 1),
('ILALA', 121, 1),
('KINONDONI', 141, 1),
('TEMEKE', 151, 1),
('UBUNGO', 161, 1),
('KIGAMBONI', 171, 1),
('TANGACBD', 211, 21),
('TANGA', 212, 21),
('PANGANI', 213, 21),
('MUHEZA', 214, 21),
('MKINGA', 215, 21),
('KOROGWE', 216, 21),
('LUSHOTO', 217, 21),
('Handeni', 218, 21),
('Kilindi', 219, 21),
('ARUSHACBD', 231, 23),
('ARUSHA', 232, 23),
('Arumeru', 233, 23),
('Monduli', 234, 23),
('Longido', 235, 23),
('Karatu', 236, 23),
('Ngorongoro', 237, 23),
('MOSHICBD', 251, 25),
('MOSHI', 252, 25),
('HAI', 253, 25),
('SIHA', 254, 25),
('MWANGA', 255, 25),
('SAME', 256, 25),
('ROMBO', 257, 25),
('BABATICBD', 271, 27),
('BABATI', 272, 27),
('Hanang', 273, 27),
('MBULU', 274, 27),
('KITETO', 275, 27),
('SIMANJIRO', 276, 27),
('GEITA', 301, 30),
('NYANGHWALE', 302, 30),
('CHATO', 303, 30),
('MBOGWE', 304, 30),
('BUKOMBE', 305, 30),
('MUSOMACBD', 311, 31),
('Butiama', 312, 31),
('RORYA', 313, 31),
('TARIME', 314, 31),
('BUNDA', 315, 31),
('SERENGETI', 316, 31),
('NYAMAGANA', 331, 33),
('ILEMELA', 332, 33),
('SENGEREMA', 333, 33),
('MAGU', 334, 33),
('MISUNGWI', 335, 33),
('UKEREWE', 336, 33),
('Kwimba', 338, 33),
('BUKOBA CBD', 351, 35),
('BUKOBA', 352, 35),
('MISSENYI', 353, 35),
('KARAGWE', 354, 35),
('MULEBA', 355, 35),
('BIHARAMULO', 356, 35),
('NGARA', 357, 35),
('Kyerwa', 358, 35),
('SHINYANGA CBD', 371, 37),
('SHINYANGA', 372, 37),
('KAHAMA', 373, 37),
('KISHAPU', 375, 37),
('BARIADI', 391, 39),
('ITILIMA', 392, 39),
('MASWA', 393, 39),
('MEATU', 394, 39),
('BUSEGA', 395, 39),
('DODOMACBD', 411, 41),
('DODOMA', 412, 41),
('BAHI', 413, 41),
('CHAMWINO', 414, 41),
('KONGWA', 415, 41),
('MPWAPWA', 416, 41),
('KONDOA', 417, 41),
('CHEMBA', 418, 41),
('SINGIDA CBD', 431, 43),
('SINGIDA', 432, 43),
('IRAMBA', 433, 43),
('MANYONI', 434, 43),
('Mkalama', 435, 43),
('Ikungi', 436, 43),
('TABORACBD', 451, 45),
('UYUI', 452, 45),
('SIKONGE', 453, 45),
('NZEGA', 454, 45),
('URAMBO', 455, 45),
('IGUNGA', 456, 45),
('Kaliua', 457, 45),
('KIGOMACBD', 471, 47),
('KIGOMA', 472, 47),
('Kasulu', 473, 47),
('KIBONDO', 474, 47),
('Buhigwe', 475, 47),
('Uvinza', 476, 47),
('Kakonko', 477, 47),
('MPANDACBD', 501, 50),
('TANGANYIKA', 502, 50),
('Mlele', 503, 50),
('IRINGACBD', 511, 51),
('IRINGA', 512, 51),
('KILOLO', 513, 51),
('MUFINDI', 514, 51),
('MBEYACBD', 531, 53),
('MBEYA', 532, 53),
('Rungwe', 535, 53),
('Mbarali', 536, 53),
('Kyela', 537, 53),
('Chunya', 538, 53),
('SONGWE', 541, 54),
('Mbozi', 542, 54),
('Ileje', 543, 54),
('Momba', 544, 54),
('SUMBAWANGACBD', 551, 55),
('SUMBAWANGA', 552, 55),
('NKASI', 553, 55),
('Kalambo', 554, 55),
('SONGEACBD', 571, 57),
('SONGEA', 572, 57),
('NAMTUMBO', 573, 57),
('MBINGA', 574, 57),
('NYASA', 575, 57),
('TUNDURU', 576, 57),
('NJOMBECBD', 591, 59),
('NJOMBE', 592, 59),
('WANGINGO', 593, 59),
('Ludewa', 594, 59),
('MAKETE', 595, 59),
('KIBAHACBD', 611, 61),
('KIBAHA', 612, 61),
('BAGAMOYO', 613, 61),
('KISARAWE', 614, 61),
('MKURANGA', 615, 61),
('RUFIJI', 616, 61),
('MAFIA', 617, 61),
('KIBITI', 618, 61),
('MTWARACBD', 631, 63),
('MTWARA', 632, 63),
('TANDAHIMBA', 633, 63),
('NEWALA', 634, 63),
('MASASI', 635, 63),
('NANYUMBU', 636, 63),
('LINDICBD', 651, 65),
('LINDI', 652, 65),
('NACHINGWEA', 653, 65),
('KILWA', 654, 65),
('Liwale', 655, 65),
('Ruangwa', 656, 65),
('MOROGORO', 671, 67),
('MOROGORO', 672, 67),
('Mvomero', 673, 67),
('KILOSA', 674, 67),
('KILOMBERO', 675, 67),
('ULANGA', 676, 67),
('GAIRO', 677, 67),
('Malinyi', 678, 67);

-- --------------------------------------------------------

--
-- Table structure for table `regions`
--

CREATE TABLE `regions` (
  `region_code` int(5) NOT NULL,
  `region_name` varchar(13) DEFAULT NULL
) ENGINE=InnoDB DEFAULT CHARSET=utf8mb4;

--
-- Dumping data for table `regions`
--

INSERT INTO `regions` (`region_code`, `region_name`) VALUES
(1, 'DARESSALAAM'),
(21, 'TANGA'),
(23, 'ARUSHA'),
(25, 'KILIMANJARO'),
(27, 'MANYARA'),
(30, 'GEITA'),
(31, 'MARA'),
(33, 'MWANZA'),
(35, 'KAGERA'),
(37, 'SHINYANGA'),
(39, 'SIMIYU'),
(41, 'DODOMA'),
(43, 'SINGIDA'),
(45, 'TABORA'),
(47, 'KIGOMA'),
(50, 'KATAVI'),
(51, 'IRINGA'),
(53, 'MBEYA'),
(54, 'SONGWE'),
(55, 'RUKWA'),
(57, 'RUVUMA'),
(59, 'NJOMBE'),
(61, 'PWANI'),
(63, 'MTWARA'),
(65, 'LINDI');

-- --------------------------------------------------------

--
-- Table structure for table `wards`
--

CREATE TABLE `wards` (
  `ward_name` varchar(24) DEFAULT NULL,
  `ward_code` int(9) NOT NULL,
  `district_code` int(5) NOT NULL
) ENGINE=InnoDB DEFAULT CHARSET=utf8mb4;

--
-- Dumping data for table `wards`
--

INSERT INTO `wards` (`ward_name`, `ward_code`, `district_code`) VALUES
('KIVUKONI', 11101, 111),
('UPANGA MASHARIKI', 11102, 111),
('UPANGA MAGHARIBI', 11103, 111),
('KISUTU', 11104, 111),
('MCHAFUKOGE', 11105, 111),
('KARIAKOO', 11106, 111),
('GEREZANI', 11107, 111),
('JANGWANI', 11108, 111),
('MCHIKICHINI', 11109, 111),
('ILALA', 12101, 121),
('BUGURUNI', 12102, 121),
('TABATA', 12103, 121),
('KIMANGA', 12104, 121),
('SEGEREA', 12105, 121),
('KIPAWA', 12106, 121),
('UKONGA', 12107, 121),
('KIWALANI', 12108, 121),
('VINGUNGUTI', 12109, 121),
('GONGO LA MBOTO', 12110, 121),
('KITUNDA', 12111, 121),
('PUGU', 12112, 121),
('MAJOHE', 12113, 121),
('MSONGOLA', 12114, 121),
('CHANIKA', 12115, 121),
('KINYEREZI', 12116, 121),
('KIVULE', 12117, 121),
('Mnyamani', 12118, 121),
('Liwiti', 12119, 121),
('Bonyokwa', 12120, 121),
('Kipunguni', 12121, 121),
('Kisukulu', 12122, 121),
('Minazi Mirefu', 12123, 121),
('Buyuni', 12124, 121),
('Zingiziwa', 12125, 121),
('Mzinga', 12126, 121),
('Pugu Station', 12127, 121),
('MAGOMENI', 14101, 141),
('MZIMUNI', 14102, 141),
('NDUGUMBI', 14104, 141),
('TANDALE', 14106, 141),
('MAKUMBUSHO', 14107, 141),
('MWANANYAMALA', 14108, 141),
('HANANASIF', 14109, 141),
('KINONDONI', 14110, 141),
('MSASANI', 14111, 141),
('MIKOCHENI', 14112, 141),
('KIJITONYAMA', 14113, 141),
('KIGOGO', 14118, 141),
('KAWE', 14121, 141),
('KUNDUCHI', 14122, 141),
('BUNJU', 14125, 141),
('MBWENI', 14126, 141),
('MBEZI JUU', 14128, 141),
('MAKONGO', 14129, 141),
('WAZO', 14130, 141),
('MABWEPANDE', 14134, 141),
('TEMEKE', 15101, 151),
('SANDALI', 15102, 151),
('CHANG?OMBE', 15103, 151),
('KEKO', 15104, 151),
('MIBURANI', 15105, 151),
('AZIMIO', 15106, 151),
('TANDIKA', 15107, 151),
('MTONI', 15108, 151),
('KURASINI', 15109, 151),
('MBAGALA KUU', 15112, 151),
('MBAGALA', 15113, 151),
('MAKANGARAWE', 15114, 151),
('YOMBO VITUKA', 15115, 151),
('CHAMAZI', 15116, 151),
('CHARAMBE', 15117, 151),
('TOANGOMA', 15118, 151),
('BUZA', 15125, 151),
('KILAKALA', 15127, 151),
('KIBURUGWA', 15128, 151),
('KIJICHI', 15129, 151),
('MIANZINI', 15130, 151),
('Kibondemaji', 15131, 151),
('Kilungule', 15132, 151),
('Mburahati', 16101, 161),
('Sinza', 16102, 161),
('Ubungo', 16103, 161),
('Kimara', 16104, 161),
('Saranga', 16105, 161),
('Makuburi', 16106, 161),
('Makurumla', 16107, 161),
('Manzese', 16108, 161),
('Mabibo', 16109, 161),
('Kibamba', 16110, 161),
('Kwembe', 16111, 161),
('Goba', 16112, 161),
('Mbezi', 16113, 161),
('Msigani', 16114, 161),
('Kimbiji', 17101, 171),
('Somangila', 17102, 171),
('Tungi', 17103, 171),
('Kisarawe II', 17104, 171),
('Pembamnazi', 17105, 171),
('Mjimwema', 17106, 171),
('Kigamboni', 17107, 171),
('Vijibweni', 17108, 171),
('Kibada', 17109, 171),
('Central', 21101, 211),
('Mzingani', 21102, 211),
('Usagara', 21103, 211),
('Ngamiani Kaskazini', 21104, 211),
('Ngamiani Kati', 21105, 211),
('Ngamiani Kusini', 21106, 211),
('Majengo', 21107, 211),
('Chumbageni', 21108, 211),
('Makorora', 21109, 211),
('Mabawa', 21110, 211),
('Msambweni', 21111, 211),
('Nguvumali', 21112, 211),
('Mwanzange', 21113, 211),
('Duga', 21114, 211),
('Magaoni', 21115, 211),
('Mnyanjani', 21116, 211),
('Masiwani', 21117, 211),
('Tangasisi', 21201, 212),
('Mzizima', 21202, 212),
('Kiomoni', 21203, 212),
('Mabokweni', 21204, 212),
('Chongoleani', 21205, 212),
('Maweni', 21206, 212),
('Tongoni', 21207, 212),
('Pongwe', 21208, 212),
('Marungu', 21209, 212),
('Kirare', 21210, 212),
('PANGANI', 21301, 213),
('PANGANI', 21302, 213),
('BWENI', 21303, 213),
('MWERA', 21304, 213),
('KIMANGA', 21305, 213),
('MADANGA', 21306, 213),
('BUSHIRI', 21307, 213),
('UBANGAA', 21308, 213),
('MIKINGUNI', 21309, 213),
('TUNGAMAA', 21310, 213),
('KIPUMBWI', 21311, 213),
('MKWAJA', 21312, 213),
('MKALAMO', 21313, 213),
('Masaika', 21314, 213),
('Majengo', 21401, 214),
('Genge', 21402, 214),
('Masuguru', 21403, 214),
('Kwemkabala', 21404, 214),
('Mbaramo', 21405, 214),
('Tanganyika', 21406, 214),
('Magila', 21407, 214),
('Lusanga', 21408, 214),
('Mpapayu', 21409, 214),
('Kilulu', 21410, 214),
('Tingeni', 21411, 214),
('Kwakifua', 21412, 214),
('Kicheba', 21413, 214),
('Magoroto', 21414, 214),
('Pande Darajani', 21415, 214),
('Mlingano', 21416, 214),
('Ngomeni', 21417, 214),
('Kigombe', 21418, 214),
('Mkuzi', 21419, 214),
('Mtindiro', 21420, 214),
('Kwafungo', 21421, 214),
('Songa', 21422, 214),
('Mhamba', 21423, 214),
('Bwembwera', 21424, 214),
('Nkumba', 21425, 214),
('Tongwe', 21426, 214),
('Kisiwani', 21427, 214),
('Amani', 21428, 214),
('Potwe', 21429, 214),
('Misalai', 21430, 214),
('Mbomole', 21431, 214),
('Zirai', 21432, 214),
('Misozwe', 21433, 214),
('Kwezitu', 21434, 214),
('Kwemingoji', 21435, 214),
('Kwabada', 21436, 214),
('Makole', 21437, 214),
('Daluni', 21501, 215),
('Gombero', 21502, 215),
('Mnyenzani', 21503, 215),
('Kigongoi Magharibi', 21504, 215),
('Maramba', 21505, 215),
('Mapatano', 21506, 215),
('Bwiti', 21507, 215),
('Mhinduro', 21508, 215),
('Bosha', 21509, 215),
('Duga', 21510, 215),
('Sigaya', 21511, 215),
('Kwale', 21512, 215),
('Manza', 21513, 215),
('Boma', 21514, 215),
('Parungu Kasera', 21515, 215),
('Mkinga', 21516, 215),
('Moa', 21517, 215),
('Mayomboni', 21518, 215),
('Mtimbwani', 21519, 215),
('Doda', 21520, 215),
('Mwakijembe', 21521, 215),
('Kigongoi Mashariki', 21522, 215),
('Manundu', 21601, 216),
('Old Korogwe', 21602, 216),
('Kwamsisi', 21603, 216),
('Kilole', 21604, 216),
('Mgombezi', 21605, 216),
('Mtonga', 21606, 216),
('Kwamndolwa', 21607, 216),
('Kwagunda', 21608, 216),
('Mnyuzi', 21609, 216),
('Makuyuni', 21610, 216),
('Mswaha', 21611, 216),
('Lutindi', 21612, 216),
('Vugiri', 21613, 216),
('Kwashemshi', 21614, 216),
('Bungu', 21615, 216),
('Dindira', 21616, 216),
('Mpale', 21617, 216),
('Kerenge', 21618, 216),
('Chekelei', 21619, 216),
('Mombo', 21620, 216),
('Mkalamo', 21621, 216),
('Magamba', 21622, 216),
('Mazinde', 21623, 216),
('Mkomazi', 21624, 216),
('Magoma', 21625, 216),
('Kizara', 21626, 216),
('Mashewa', 21627, 216),
('Magunga', 21628, 216),
('Bagamoyo', 21629, 216),
('Majengo', 21630, 216),
('Masuguru', 21631, 216),
('Mlungui', 21632, 216),
('Mgwashi', 21633, 216),
('Lewa', 21634, 216),
('Magila Gereza', 21635, 216),
('Mkumbala', 21636, 216),
('Kalalani', 21637, 216),
('Foroforo', 21638, 216),
('Makumba', 21639, 216),
('Hale', 21640, 216),
('LUSHOTO', 21701, 217),
('UBIRI', 21702, 217),
('NGULWI', 21703, 217),
('KWEMASHAI', 21704, 217),
('GARE', 21705, 217),
('Mbuzii', 21706, 217),
('KWAI', 21707, 217),
('SHUME', 21708, 217),
('LUKOZI', 21709, 217),
('KWEKANGA', 21710, 217),
('KILOLE', 21711, 217),
('NGWELO', 21712, 217),
('MLOLA', 21713, 217),
('KWEMSHASHA', 21714, 217),
('MALIBWI', 21715, 217),
('RANGWI', 21716, 217),
('MWANGOI', 21717, 217),
('DULEM', 21718, 217),
('HEMTOYE', 21719, 217),
('MALINDI', 21720, 217),
('MLALO', 21721, 217),
('MTAE', 21722, 217),
('SUNGA', 21723, 217),
('Mamba', 21724, 217),
('Soni', 21725, 217),
('Vuga', 21726, 217),
('Usambara', 21727, 217),
('Mponde', 21728, 217),
('Dule B', 21729, 217),
('Bumbuli', 21730, 217),
('Mayo', 21731, 217),
('Funta', 21732, 217),
('Tamota', 21733, 217),
('Mahezangulu', 21734, 217),
('Mgwashi', 21735, 217),
('Nkongoi', 21736, 217),
('Milingano', 21737, 217),
('Baga', 21738, 217),
('MAKANYA', 21739, 217),
('MNGARO', 21740, 217),
('LUNGUZA', 21741, 217),
('MBARAMO', 21742, 217),
('MNAZI', 21743, 217),
('MANOLO', 21744, 217),
('Magamba', 21745, 217),
('Mbwei', 21746, 217),
('Mbaru', 21747, 217),
('Shagayu', 21748, 217),
('Migambo', 21749, 217),
('Kisiwani', 21750, 217),
('Kwemkomole', 21751, 217),
('Chanika', 21801, 218),
('Vibaoni', 21802, 218),
('Kideleko', 21803, 218),
('Kiva', 21804, 218),
('Kwankonje', 21805, 218),
('Kwachaga', 21806, 218),
('Kwaluguru', 21807, 218),
('Kangata', 21808, 218),
('Sindeni', 21809, 218),
('Misima', 21810, 218),
('Ndolwa', 21811, 218),
('Mazingara', 21812, 218),
('Mkata', 21813, 218),
('Komkonga', 21814, 218),
('Kabuku', 21815, 218),
('Mgambo', 21816, 218),
('Kabuku Ndani', 21817, 218),
('Kwamatuku', 21818, 218),
('Segera', 21819, 218),
('Kwedizinga', 21820, 218),
('Kwamgwe', 21821, 218),
('Kwamsisi', 21822, 218),
('Kwasunga', 21823, 218),
('Kitumbi', 21824, 218),
('Mlimani', 21825, 218),
('Konje', 21826, 218),
('Msasa', 21827, 218),
('Kwamagome', 21828, 218),
('Mdoe', 21829, 218),
('Kwenjugo', 21830, 218),
('Kwediyamba', 21831, 218),
('Malezi', 21832, 218),
('Mabanda', 21833, 218),
('SONGE', 21901, 219),
('MVUNGWE', 21902, 219),
('KIBIRASHI', 21903, 219),
('MASAGALU', 21904, 219),
('KISANGASA', 21905, 219),
('KWEDIBOMA', 21906, 219),
('KILWA', 21907, 219),
('KWEKIVU', 21908, 219),
('KILINDI', 21909, 219),
('MSANJA', 21910, 219),
('MABALANGA', 21911, 219),
('MKINDI', 21912, 219),
('JAILA', 21913, 219),
('NEGERO', 21914, 219),
('KIMBE', 21915, 219),
('KIKUNDE', 21916, 219),
('TUNGULI', 21917, 219),
('Pagwi', 21918, 219),
('SAUNYI', 21919, 219),
('LWANDE', 21920, 219),
('Bokwa', 21921, 219),
('SEKEI', 23101, 231),
('KATI', 23102, 231),
('KALOLENI', 23103, 231),
('LEVOLOSI', 23104, 231),
('NGARENARO', 23105, 231),
('ELERAI', 23106, 231),
('UNGA LIMITED', 23107, 231),
('DARAJA II', 23108, 231),
('THEMI', 23109, 231),
('KIMANDOLU', 23110, 231),
('OLORIENI', 23111, 231),
('BARAA', 23112, 231),
('LEMARA', 23113, 231),
('ENGUTOTO', 23114, 231),
('SOKON 1', 23115, 231),
('SOMBETINI', 23116, 231),
('TERRAT', 23117, 231),
('MOSHONO', 23118, 231),
('OLASITI', 23119, 231),
('Moivaro', 23120, 231),
('Sinoni', 23121, 231),
('Muriet', 23122, 231),
('Osunyai Jr', 23123, 231),
('Sakina', 23124, 231),
('Olmoti', 23125, 231),
('Olturumet', 23201, 232),
('Mwandet', 23202, 232),
('Olkokola', 23203, 232),
('Oldonyosambu', 23204, 232),
('Musa', 23205, 232),
('Kisongo', 23206, 232),
('Bangata', 23207, 232),
('Sokon II', 23208, 232),
('Kiranyi', 23209, 232),
('Olorien', 23210, 232),
('Ilkidinga', 23211, 232),
('Sambasha', 23212, 232),
('Kimnyaki', 23213, 232),
('Olmotonyi', 23214, 232),
('Oljoro', 23215, 232),
('Olturoto', 23216, 232),
('Moivo', 23217, 232),
('Mlangarini', 23218, 232),
('Nduruma', 23219, 232),
('Bwawani', 23220, 232),
('Mateves', 23221, 232),
('Lemanyata', 23222, 232),
('Oldonyowass', 23223, 232),
('Laroi', 23224, 232),
('Kiutu', 23225, 232),
('Tarakwa', 23226, 232),
('Ilboru', 23227, 232),
('Usa River', 23301, 233),
('Maji ya Chai', 23302, 233),
('Nkoaranga', 23303, 233),
('Poli', 23304, 233),
('SeelaSingisi', 23305, 233),
('Akheri', 23306, 233),
('Nkoarisambu', 23307, 233),
('Nkoanrua', 23308, 233),
('Songoro', 23309, 233),
('Ngarenanyuki', 23310, 233),
('Kikwe', 23311, 233),
('Mbuguni', 23312, 233),
('Makiba', 23313, 233),
('Maroroni', 23314, 233),
('Kikatiti', 23315, 233),
('Kingori', 23316, 233),
('Leguruki', 23317, 233),
('ShambaraiBurka', 23318, 233),
('Majengo', 23319, 233),
('Malula', 23320, 233),
('Uwiro', 23321, 233),
('Ngabobo', 23322, 233),
('Maruvango', 23323, 233),
('Imbaseni', 23324, 233),
('Ambureni', 23325, 233),
('Nkoanekoli', 23326, 233),
('Monduli Mjini', 23401, 234),
('Engutoto', 23402, 234),
('Sepeko', 23403, 234),
('Monduli Juu', 23404, 234),
('Meserani', 23405, 234),
('Moita', 23406, 234),
('Lolkisale', 23407, 234),
('Mswakini', 23408, 234),
('Esilalei', 23409, 234),
('Mto wa mbu', 23410, 234),
('Majengo', 23411, 234),
('Makuyuni', 23412, 234),
('Lepurko', 23413, 234),
('Selela', 23414, 234),
('Engaruka', 23415, 234),
('Mfereji', 23416, 234),
('Lashaine', 23417, 234),
('Naalarami', 23418, 234),
('Lemooti', 23419, 234),
('Migungani', 23420, 234),
('Longido', 23501, 235),
('Kimokouwa', 23502, 235),
('Namanga', 23503, 235),
('Tingatinga', 23504, 235),
('Olmolog', 23505, 235),
('Kamwanga', 23506, 235),
('Engikaret', 23507, 235),
('Elangatadapash', 23508, 235),
('Ketumbeine', 23509, 235),
('Mundarara', 23510, 235),
('Engarenaibor', 23511, 235),
('Matale A', 23512, 235),
('Gelai Lumbwa', 23513, 235),
('Gelai Meirugoi', 23514, 235),
('Ilorienito', 23515, 235),
('Orbomba', 23516, 235),
('Noondoto', 23517, 235),
('Sinya', 23518, 235),
('Karatu', 23601, 236),
('Ganako', 23602, 236),
('Rhotia', 23603, 236),
('Mbulumbulu', 23604, 236),
('Endamarariek', 23605, 236),
('Buger', 23606, 236),
('Kansay', 23607, 236),
('Endabashi', 23608, 236),
('Qurus', 23609, 236),
('Oldeani', 23610, 236),
('Daa', 23611, 236),
('Mangola', 23612, 236),
('Baray', 23613, 236),
('Endamaghang', 23614, 236),
('Orgosorok', 23701, 237),
('Oloirien/ Magaiduru', 23702, 237),
('Oloipiri', 23703, 237),
('Enguserosambu', 23704, 237),
('Samunge', 23705, 237),
('Maalon', 23706, 237),
('Arash', 23707, 237),
('Soitsambu', 23708, 237),
('Ololosokwan', 23709, 237),
('Digodigo', 23710, 237),
('Oldonyosambu', 23711, 237),
('Sale', 23712, 237),
('Pinyinyi', 23713, 237),
('Malambo', 23714, 237),
('Olbalbal', 23715, 237),
('Alailelai', 23716, 237),
('Naiyobi', 23717, 237),
('Nainokanoka', 23718, 237),
('Ngorongoro', 23719, 237),
('Enduleni', 23720, 237),
('Kakesio', 23721, 237),
('Ngoile', 23723, 237),
('Misigiyo', 23724, 237),
('Eyasi', 23725, 237),
('Alaitolei', 23726, 237),
('Kirangi', 23727, 237),
('Engaresero', 23728, 237),
('Piyaya', 23729, 237),
('Mawenzi', 25101, 251),
('Kilimanjaro', 25102, 251),
('Rau', 25103, 251),
('Majengo', 25104, 251),
('Njoro', 25105, 251),
('Bondeni', 25106, 251),
('Kiusa', 25107, 251),
('Korongoni', 25108, 251),
('Pasua', 25109, 251),
('Kaloleni', 25110, 251),
('Mji Mpya', 25111, 251),
('Msaranga', 25112, 251),
('Kiborloni', 25113, 251),
('Soweto', 25114, 251),
('Karanga', 25115, 251),
('Longuo', 25116, 251),
('Miembeni', 25117, 251),
('Ngambo', 25118, 251),
('Shirimatunda', 25119, 251),
('Bomambuzi', 25120, 251),
('Mfumuni', 25121, 251),
('Mabogini', 25201, 252),
('Kimochi', 25202, 252),
('Old Moshi Mashariki', 25203, 252),
('Old Moshi Magharibi', 25204, 252),
('Uru Kusini', 25205, 252),
('Uru Mashariki', 25206, 252),
('Uru Kaskazini', 25207, 252),
('Uru Shimbwe', 25208, 252),
('Mbokomu', 25209, 252),
('Arusha Chini', 25210, 252),
('Kibosho Kirima', 25211, 252),
('Kindi', 25212, 252),
('Kibosho Okaoni', 25213, 252),
('Kibosho Kati', 25214, 252),
('Kibosho Magharibi', 25215, 252),
('Kibosho Mashariki', 25216, 252),
('Mwika Kusini', 25217, 252),
('Mwika Kaskazini', 25218, 252),
('Mamba Kusini', 25219, 252),
('Mamba Kaskazini', 25220, 252),
('Marangu Mashariki', 25221, 252),
('Marangu Magharibi', 25222, 252),
('Makuyuni (Himo)', 25223, 252),
('Kilema Kaskazini', 25224, 252),
('Kilema Kati', 25225, 252),
('Kilema Kusini', 25226, 252),
('Kirua Vunjo Kusini', 25227, 252),
('Kirua Vunjo Mashariki', 25228, 252),
('Kirua Vunjo Magharibi', 25229, 252),
('Kahe Magharibi', 25230, 252),
('Kahe Mashariki', 25231, 252),
('Njia Panda', 25232, 252),
('Machame Mashariki', 25301, 253),
('Machame Narumu', 25302, 253),
('Weruweru', 25303, 253),
('Mnadani', 25304, 253),
('Machame Uroki', 25305, 253),
('Machame Magharibi', 25306, 253),
('Machame Kaskazini', 25307, 253),
('Masama Magharibi', 25308, 253),
('Masama Kusini', 25309, 253),
('Masama Rundugai', 25310, 253),
('KIA', 25311, 253),
('Bomangombe', 25312, 253),
('Masama Mashariki', 25313, 253),
('Masama Kati', 25314, 253),
('Romu', 25315, 253),
('Muungano', 25316, 253),
('Bondeni', 25317, 253),
('Ivaeny', 25401, 254),
('Kashashi', 25402, 254),
('Karansi', 25403, 254),
('Gararagua', 25404, 254),
('Sanya juu', 25405, 254),
('Biriri', 25406, 254),
('Makiwaru', 25407, 254),
('Olkolili', 25408, 254),
('Livishi', 25409, 254),
('Nasai', 25410, 254),
('Ngarenairobi', 25411, 254),
('Ndumeti', 25412, 254),
('Songu', 25413, 254),
('Ormelili', 25414, 254),
('Donyomurwak', 25415, 254),
('Miti mirefu', 25416, 254),
('Kirua', 25417, 254),
('Jipe', 25501, 255),
('Kigonigoni', 25502, 255),
('Kivisini', 25503, 255),
('Kwakoa', 25504, 255),
('Toloha', 25505, 255),
('Msangeni', 25506, 255),
('Kifula', 25507, 255),
('Mwaniko', 25508, 255),
('Shighatini', 25509, 255),
('Kileo', 25510, 255),
('Mwanga', 25511, 255),
('Langata', 25512, 255),
('Lembeni', 25513, 255),
('Magagao', 25514, 255),
('Ngujini', 25515, 255),
('Kirya', 25516, 255),
('Kilomeni', 25517, 255),
('Kighare', 25518, 255),
('Chomvu', 25519, 255),
('Kirongwe', 25520, 255),
('Same', 25601, 256),
('Stesheni', 25602, 256),
('Kisima', 25603, 256),
('Ruvu', 25604, 256),
('Njoro', 25605, 256),
('Vumari', 25606, 256),
('Mwembe', 25607, 256),
('Mhezi', 25608, 256),
('Vudee', 25609, 256),
('Mshewa', 25610, 256),
('Msindo', 25611, 256),
('Kisiwani', 25612, 256),
('Hedaru', 25613, 256),
('Suji', 25614, 256),
('Mabilioni', 25615, 256),
('Chome', 25616, 256),
('Makanya', 25617, 256),
('Vunta', 25618, 256),
('Maore', 25619, 256),
('Ndungu', 25620, 256),
('Kalemawe', 25621, 256),
('Kihurio', 25622, 256),
('Bendera', 25623, 256),
('Kirangare', 25624, 256),
('Bwambo', 25625, 256),
('Myamba', 25626, 256),
('Mpinji', 25627, 256),
('Mtii', 25628, 256),
('Lugulu', 25629, 256),
('Bombo', 25630, 256),
('Vuje', 25631, 256),
('Bangalala', 25632, 256),
('GavaoSaweni', 25633, 256),
('Tae', 25634, 256),
('Mahida', 25701, 257),
('Holili', 25702, 257),
('Mamsera', 25703, 257),
('Mengwe', 25704, 257),
('Ngoyoni', 25705, 257),
('Manda', 25706, 257),
('Mengeni', 25707, 257),
('Aleni', 25708, 257),
('Makiidi', 25709, 257),
('Shimbi', 25710, 257),
('Kelamfua/Mokala', 25711, 257),
('Ushiri/Ikuini', 25712, 257),
('Mrao Keryo', 25713, 257),
('KirwaKeni', 25714, 257),
('Katangara/Mrere', 25715, 257),
('Kisale Msaranga', 25716, 257),
('Olele', 25717, 257),
('Marangu Kitowo', 25718, 257),
('Kirongo Samanga', 25719, 257),
('Kitirima', 25720, 257),
('Ubetu Kahe', 25721, 257),
('Nanjara', 25722, 257),
('Tarakea Motamburu', 25723, 257),
('Chala', 25724, 257),
('Shimbi Kwadele', 25725, 257),
('Kingachi', 25726, 257),
('Reha', 25727, 257),
('Babati', 27101, 271),
('Nangara', 27102, 271),
('Bagara', 27103, 271),
('Maisaka', 27104, 271),
('Singe', 27105, 271),
('Mutuka', 27106, 271),
('Bonga', 27107, 271),
('Sigino', 27108, 271),
('Magugu', 27201, 272),
('Mwada', 27202, 272),
('Nkaiti', 27203, 272),
('Magara', 27204, 272),
('Dareda', 27205, 272),
('Dabil', 27206, 272),
('Bashnet', 27207, 272),
('Nar', 27208, 272),
('Ufana', 27209, 272),
('Madunga', 27210, 272),
('Endakiso', 27211, 272),
('Gallapo', 27212, 272),
('Qash', 27214, 272),
('Riroda', 27215, 272),
('Ayasanda', 27216, 272),
('Gidas', 27217, 272),
('Boay', 27218, 272),
('Duru', 27219, 272),
('Arri', 27220, 272),
('Kiru', 27221, 272),
('Mamire', 27222, 272),
('Ayalagaya', 27223, 272),
('Secheda', 27224, 272),
('Kisangaji', 27225, 272),
('Qameyu', 27226, 272),
('Katesh', 27301, 273),
('Ganana', 27302, 273),
('Mogitu', 27303, 273),
('Gendabi', 27304, 273),
('Gitting', 27305, 273),
('Nangwa', 27306, 273),
('Dirma', 27307, 273),
('Simbay', 27308, 273),
('Hidet', 27309, 273),
('Measkron', 27310, 273),
('Endasiwold', 27311, 273),
('Masakta', 27312, 273),
('Masqaroda', 27313, 273),
('Endasak', 27314, 273),
('Gidahababieg', 27315, 273),
('Sirop', 27316, 273),
('Gisambalang', 27317, 273),
('Lalaji', 27318, 273),
('Balangdalalu', 27319, 273),
('Gehandu', 27320, 273),
('Laghanga', 27321, 273),
('Getanuwas', 27322, 273),
('Bassotu', 27323, 273),
('Bassodesh', 27324, 273),
('Hirbadaw', 27325, 273),
('Wareta', 27326, 273),
('Darwar', 27327, 273),
('Ishponga', 27328, 273),
('Garawja', 27329, 273),
('Mulbadaw', 27330, 273),
('Endagaw', 27331, 273),
('Dumbeta', 27332, 273),
('Jordon', 27333, 273),
('Ayomohe', 27401, 274),
('Sanu Baray', 27402, 274),
('Imboru', 27403, 274),
('Endagokot', 27404, 274),
('Ayamaani', 27405, 274),
('Uhuru', 27406, 274),
('Bargish', 27407, 274),
('Gehandu', 27408, 274),
('Kainam', 27409, 274),
('Nahasey', 27410, 274),
('Nambis', 27411, 274),
('Tlawi', 27412, 274),
('Gunyoda', 27413, 274),
('Daudi', 27414, 274),
('Marangw', 27415, 274),
('Masieda', 27416, 274),
('Masqaroda', 27417, 274),
('Yaeda Ampa', 27418, 274),
('Muray', 27419, 274),
('Tumati', 27420, 274),
('Dongobesh', 27421, 274),
('Dinamu', 27423, 274),
('Bashay', 27424, 274),
('Yaedachini', 27425, 274),
('Endamilay', 27426, 274),
('Maghang', 27427, 274),
('Maretadu', 27428, 274),
('Haydarer', 27429, 274),
('Geterer', 27430, 274),
('Haydom', 27431, 274),
('Eshkesh', 27432, 274),
('Gidhimu', 27433, 274),
('Labay', 27434, 274),
('Endahagichan', 27435, 274),
('Silaloda', 27436, 274),
('Kibaya', 27501, 275),
('Bwagamoyo', 27502, 275),
('Partimbo', 27503, 275),
('Namelock', 27504, 275),
('Njoro', 27505, 275),
('Olboloti', 27506, 275),
('Matui', 27507, 275),
('Chapakazi', 27508, 275),
('Engusero', 27509, 275),
('Dosidosi', 27510, 275),
('Songambele', 27511, 275),
('Magungu', 27512, 275),
('Sunya', 27513, 275),
('Dongo', 27514, 275),
('Lengatei', 27515, 275),
('Kijungu', 27516, 275),
('Loolera', 27517, 275),
('Ndedo', 27518, 275),
('Makame', 27519, 275),
('Ndirgishi', 27520, 275),
('Laiseri', 27521, 275),
('Kaloleni', 27522, 275),
('Bwawani', 27523, 275),
('Orkesumet', 27601, 276),
('Kitwai', 27602, 276),
('Ruvu Remit', 27603, 276),
('Loiborsoit', 27604, 276),
('Naberera', 27605, 276),
('Ngorika', 27606, 276),
('Msitu wa Tembo', 27607, 276),
('Naisinyai', 27608, 276),
('Mererani', 27609, 276),
('Shambarai', 27610, 276),
('Komolo', 27611, 276),
('Oljoro Namba 5', 27612, 276),
('Terrat', 27613, 276),
('Emboreet', 27614, 276),
('Loiborsiret', 27615, 276),
('Endiamutu', 27616, 276),
('Edonyongijape', 27617, 276),
('Langai', 27618, 276),
('Kalangalala', 30101, 301),
('Kamhanga', 30102, 301),
('Kasamwa', 30103, 301),
('Ihanamilo', 30104, 301),
('Nyakamwaga', 30105, 301),
('Mtakuja', 30106, 301),
('Kagu', 30107, 301),
('Lubanga', 30108, 301),
('Bulela', 30109, 301),
('Nyamalimbe', 30110, 301),
('Kamena', 30111, 301),
('Busanda', 30112, 301),
('Katoro', 30113, 301),
('Nyakagomba', 30114, 301),
('Chigunga', 30115, 301),
('Nyachiluluma', 30116, 301),
('Bukondo', 30117, 301),
('Senga', 30118, 301),
('Nkome', 30119, 301),
('Nzera(Nzela)', 30120, 301),
('Bukoli', 30121, 301),
('Nyarugusu', 30122, 301),
('Lwamgasa', 30123, 301),
('Kaseme', 30124, 301),
('Butobela', 30125, 301),
('Bujula', 30126, 301),
('Nyamigota', 30127, 301),
('Nyanguku', 30128, 301),
('BungWangoko', 30129, 301),
('Bugalama', 30130, 301),
('Isulwabutundwe', 30131, 301),
('Bugulula', 30132, 301),
('Katoma', 30133, 301),
('Lwenzera', 30134, 301),
('Kakubilo', 30135, 301),
('Nyalwanzaja', 30136, 301),
('Nyaruyeye', 30137, 301),
('Nyamwilolelwa', 30138, 301),
('Magenge', 30139, 301),
('Butundwe', 30140, 301),
('Nyawilimilwa', 30141, 301),
('Izumacheli', 30142, 301),
('Nyamboge', 30143, 301),
('Buhalahala', 30144, 301),
('Nyankumbu', 30145, 301),
('Mgusu', 30146, 301),
('Kanyala', 30147, 301),
('Shiloleli', 30148, 301),
('Ludete', 30149, 301),
('NyangHwale', 30201, 302),
('Kakora', 30202, 302),
('Busolwa', 30203, 302),
('Nyugwa', 30204, 302),
('Kharumwa', 30205, 302),
('Kafita', 30206, 302),
('Mwingiro', 30207, 302),
('Shabaka', 30208, 302),
('Bukwimba', 30209, 302),
('Izunya', 30210, 302),
('Nyijundu', 30211, 302),
('Nyabulanda', 30212, 302),
('Nundu', 30213, 302),
('Nyamtukuza', 30214, 302),
('Kaboha', 30215, 302),
('Chato', 30301, 303),
('Nyamirembe', 30302, 303),
('Ilemela', 30303, 303),
('Katende', 30304, 303),
('Bukome', 30305, 303),
('Kigongo', 30306, 303),
('Muganza', 30307, 303),
('Ichwankima', 30308, 303),
('Kachwamba', 30309, 303),
('Makurugusi', 30310, 303),
('Buseresere', 30311, 303),
('Bwanga', 30312, 303),
('Bwera', 30313, 303),
('Buziku', 30314, 303),
('Kasenga', 30315, 303),
('Bwongera', 30316, 303),
('Muungano', 30317, 303),
('Bwina', 30318, 303),
('Ilyamchele', 30319, 303),
('Nyarutembo', 30320, 303),
('Iparamasa', 30321, 303),
('Butengu Rumasa', 30322, 303),
('Minkoto', 30323, 303),
('Iponya', 30401, 304),
('Bukandwe', 30402, 304),
('Nhomolwa', 30403, 304),
('Masumbwe', 30404, 304),
('Nyakafuru', 30405, 304),
('Lugunga', 30406, 304),
('Ushirika', 30407, 304),
('Ngemo', 30408, 304),
('Nyasato', 30409, 304),
('Mbogwe', 30410, 304),
('Nanda', 30411, 304),
('Ikunguigazi', 30412, 304),
('Lulembela', 30413, 304),
('Ilolangulu', 30414, 304),
('Isebya', 30415, 304),
('Ikobe', 30416, 304),
('Bunigonzi', 30417, 304),
('Bukombe', 30501, 305),
('Lyambamgongo', 30502, 305),
('Iyogelo', 30503, 305),
('Bugelenga', 30504, 305),
('Uyovu', 30505, 305),
('Namonge', 30506, 305),
('Busonzo', 30507, 305),
('Runzewe Magharibi', 30508, 305),
('Runzewe Mashariki', 30509, 305),
('Ng?anzo', 30510, 305),
('Igulwa', 30511, 305),
('Ushirombo', 30512, 305),
('Butizya', 30513, 305),
('Katente', 30514, 305),
('Bulangwa', 30515, 305),
('Katome', 30516, 305),
('Bulega', 30517, 305),
('Mukendo', 31101, 311),
('Mwigobero', 31102, 311),
('Iringo', 31103, 311),
('Kitaji', 31104, 311),
('Kamunyonge', 31105, 311),
('Mwisenge', 31106, 311),
('Nyamatare', 31107, 311),
('Nyasho', 31108, 311),
('Nyakato', 31109, 311),
('Makoko', 31110, 311),
('Buhare', 31111, 311),
('Kigera', 31112, 311),
('Bweri', 31113, 311),
('Rwamlimi', 31114, 311),
('Kwangwa', 31115, 311),
('Mshikamano', 31116, 311),
('Mugango', 31117, 311),
('Nyamrandirira', 31118, 311),
('Nyambono', 31119, 311),
('Bugoji', 31120, 311),
('Bwasi', 31121, 311),
('Suguti', 31122, 311),
('Bukumi', 31123, 311),
('Makojo', 31124, 311),
('Tegeruka', 31125, 311),
('Bugwema', 31126, 311),
('Kiriba', 31127, 311),
('Murangi', 31128, 311),
('Musanja', 31129, 311),
('Bukima', 31130, 311),
('Rusoli', 31131, 311),
('Busambara', 31132, 311),
('Bulinga', 31133, 311),
('Ifulifu', 31134, 311),
('Etaro', 31135, 311),
('Nyegina', 31136, 311),
('Nyakatende', 31137, 311),
('Butiama', 31201, 312),
('Buruma', 31202, 312),
('Bwiregi', 31204, 312),
('Bukabwa', 31205, 312),
('Muriaza', 31206, 312),
('Masaba', 31207, 312),
('Butuguri', 31208, 312),
('Kukirango', 31209, 312),
('Kyanyari', 31213, 312),
('Buhemba', 31223, 312),
('Nyamimange', 31224, 312),
('Buswahili', 31225, 312),
('Mirwa', 31228, 312),
('Bisumwa', 31230, 312),
('Busegwe', 31231, 312),
('SiroriSimba', 31232, 312),
('Nyankanga', 31233, 312),
('Kamugegi', 31235, 312),
('Bukura', 31301, 313),
('Tai', 31302, 313),
('Kitembe', 31303, 313),
('Roche', 31304, 313),
('Mkoma', 31305, 313),
('Nyahongo', 31306, 313),
('Nyamtinga', 31307, 313),
('Nyamagaro', 31308, 313),
('Kirogo', 31309, 313),
('Kigunga', 31310, 313),
('Mirare', 31311, 313),
('Goribe', 31312, 313),
('Ikoma', 31313, 313),
('Koryo', 31314, 313),
('Bukwe', 31315, 313),
('Nyathorogo', 31316, 313),
('KyangOmbe', 31317, 313),
('Nyamunga', 31318, 313),
('Komuge', 31319, 313),
('Rabour', 31320, 313),
('Kisumwa', 31321, 313),
('Kinyenche', 31322, 313),
('Kyangasaga', 31323, 313),
('Baraki', 31324, 313),
('Nyaburongo', 31325, 313),
('Raranya', 31326, 313),
('Bomani', 31401, 314),
('Sabasaba', 31402, 314),
('Nyamisangura', 31403, 314),
('Turwa', 31404, 314),
('Nyandoto', 31405, 314),
('Bumera', 31406, 314),
('Susuni', 31407, 314),
('Mwema', 31408, 314),
('Sirari', 31409, 314),
('Binagi', 31410, 314),
('Kibasuka', 31411, 314),
('Matongo', 31412, 314),
('Manga', 31413, 314),
('Pemba', 31414, 314),
('Nyakonga', 31415, 314),
('Nyarero', 31416, 314),
('Nyamwaga', 31417, 314),
('Nyarukoba', 31418, 314),
('Kemambo', 31419, 314),
('Muriba', 31420, 314),
('Nyanungu', 31421, 314),
('Goronga', 31422, 314),
('Gwitiryo', 31423, 314),
('Mbogi', 31424, 314),
('Kiore', 31425, 314),
('Komaswa', 31426, 314),
('Nyasincha', 31427, 314),
('Itiryo', 31428, 314),
('Katere', 31429, 314),
('Ganyange', 31430, 314),
('Nkende', 31431, 314),
('Kenyamanyori', 31432, 314),
('Regicheri', 31433, 314),
('Kwihancha', 31434, 314),
('Bunda Mjini', 31501, 315),
('Bunda Stoo', 31502, 315),
('Balili', 31503, 315),
('Nyasura', 31504, 315),
('Guta', 31505, 315),
('Kabasa', 31506, 315),
('Kunzugu', 31507, 315),
('Mcharo', 31508, 315),
('Sazira', 31509, 315),
('Wariku', 31510, 315),
('Nyamuswa', 31511, 315),
('Hunyari', 31512, 315),
('Mugeta', 31513, 315),
('Mihingo', 31514, 315),
('Salama', 31515, 315),
('Butimba', 31516, 315),
('Namhula', 31517, 315),
('Neruma', 31518, 315),
('Iramba', 31519, 315),
('Kibara', 31520, 315),
('Nansimo', 31521, 315),
('Igundu', 31522, 315),
('Kisorya', 31523, 315),
('NyamangUta', 31524, 315),
('Ketare', 31525, 315),
('Kasuguti', 31526, 315),
('Chitengule', 31527, 315),
('Nampindi', 31528, 315),
('Nyamihoro', 31529, 315),
('Kabarimu', 31530, 315),
('Nyamakokoto', 31531, 315),
('Manyamanyama', 31532, 315),
('Mugumu', 31602, 316),
('Stendi Kuu', 31603, 316),
('Geitasamo', 31604, 316),
('Morotonga', 31605, 316),
('UwanjaWaNdege', 31606, 316),
('Nyamoko', 31607, 316),
('Kyambahi', 31608, 316),
('Manchira', 31609, 316),
('Kisangura', 31610, 316),
('Machochwe', 31611, 316),
('RungAbure', 31612, 316),
('Kebanchabancha', 31613, 316),
('RingWani', 31614, 316),
('Nyamatare', 31615, 316),
('Natta', 31616, 316),
('Issenye', 31617, 316),
('Rigicha', 31618, 316),
('Nyambureti', 31619, 316),
('Kenyamonta', 31620, 316),
('Busawe', 31621, 316),
('Kisaka', 31622, 316),
('Ikoma', 31623, 316),
('Mbalibali', 31624, 316),
('SEDECO', 31625, 316),
('Nyansurura', 31626, 316),
('Magange', 31627, 316),
('Mosongo', 31628, 316),
('Majimoto', 31629, 316),
('Nagusi', 31630, 316),
('Moguteni', 31631, 316),
('Matare', 31632, 316),
('Nyamagana', 33101, 331),
('Pamba', 33102, 331),
('Mirongo', 33103, 331),
('Isamilo', 33104, 331),
('Mbugani', 33105, 331),
('Igogo', 33109, 331),
('Mkuyuni', 33110, 331),
('Mabatini', 33111, 331),
('Mkolani', 33112, 331),
('Luchelele', 33113, 331),
('Buhongwa', 33114, 331),
('Lwanhima', 33115, 331),
('Butimba', 33116, 331),
('Nyegezi', 33117, 331),
('Igoma', 33118, 331),
('Kishili', 33119, 331),
('Mahina', 33120, 331),
('Mhandu', 33121, 331),
('Nyakato', 33201, 332),
('Buswelu', 33204, 332),
('Ilemela', 33205, 332),
('Pasiansi', 33206, 332),
('Bugogwa', 33207, 332),
('Sangabuye', 33209, 332),
('MECCO', 33212, 332),
('Buzuruga', 33213, 332),
('Nyasaka', 33214, 332),
('Kahama', 33215, 332),
('Kiseke', 33216, 332),
('Kayenze', 33217, 332),
('Shibula', 33218, 332),
('Kawekamo', 33219, 332),
('Kitangiri', 33220, 332),
('Kirumba', 33221, 332),
('Nyamanoro', 33222, 332),
('Ibungilo', 33223, 332),
('Nyamhongolo', 33224, 332),
('Ibisabageni', 33301, 333),
('Nyatukara', 33302, 333),
('Nyampulukano', 33303, 333),
('Mwabaluhi', 33304, 333),
('Kafunzo', 33305, 333),
('Bupandwa', 33306, 333),
('Katwe', 33307, 333),
('Kalebezo', 33308, 333),
('Nyehunge', 33309, 333),
('Maisome', 33310, 333),
('Nyakasasa', 33311, 333),
('Lugata', 33312, 333),
('Nyakaliro', 33313, 333),
('Nyakasungwa', 33314, 333),
('Kazunzu', 33315, 333),
('Nyanzenda', 33316, 333),
('Sima', 33317, 333),
('Buzilasoga', 33318, 333),
('Tabaruka', 33319, 333),
('Busisi', 33320, 333),
('Igalula', 33321, 333),
('Kagunga', 33322, 333),
('Kasungamile', 33323, 333),
('Nyamazugo', 33324, 333),
('Chifunfu', 33325, 333),
('Bulyaheke', 33326, 333),
('Irenza', 33327, 333),
('Igulumuki', 33328, 333),
('Kishinda', 33329, 333),
('Nyampande', 33330, 333),
('Kasenyi', 33331, 333),
('Katunguru', 33332, 333),
('Buyagu', 33333, 333),
('Nyamatongo', 33334, 333),
('Bitoto', 33335, 333),
('Kahumulo', 33336, 333),
('Nyamizeze', 33337, 333),
('Mission', 33338, 333),
('Ibondo', 33339, 333),
('Luhuza', 33340, 333),
('Uharanyonga', 33341, 333),
('Bugoro', 33342, 333),
('Bukokwa', 33343, 333),
('Kasisa', 33344, 333),
('Bangwe', 33345, 333),
('Iligamba', 33346, 333),
('Ngoma', 33347, 333),
('Magu mjini', 33401, 334),
('Nyigogo', 33402, 334),
('Sukuma', 33403, 334),
('Mwamabanza', 33404, 334),
('Kahangara', 33405, 334),
('Kitongo sima', 33406, 334),
('Mwamanga', 33407, 334),
('Nyanguge', 33408, 334),
('Kisesa', 33409, 334),
('Bujashi', 33410, 334),
('Lutale', 33411, 334),
('Kongolo', 33412, 334),
('NgHaya', 33413, 334),
('Nkungulu', 33414, 334),
('Shishani', 33415, 334),
('Lubugu', 33416, 334),
('Kandawe', 33417, 334),
('Buhumbi', 33418, 334),
('Bujora', 33419, 334),
('Bukandwe', 33420, 334),
('Chabula', 33421, 334),
('Kabila', 33422, 334),
('Jinjimili', 33423, 334),
('Itumbili', 33424, 334),
('Isandula', 33425, 334),
('Nhundulu', 33501, 335),
('Misasi', 33502, 335),
('Busongo', 33503, 335),
('Shilalo', 33504, 335),
('Buhingo', 33505, 335),
('Kasololo', 33506, 335),
('Kijima', 33507, 335),
('Ilujamate', 33508, 335),
('Mbarika', 33509, 335),
('Sumbugu', 33510, 335),
('Lubili', 33511, 335),
('Missungwi', 33512, 335),
('Koromije', 33513, 335),
('Igokelo', 33514, 335),
('Mwaniko', 33515, 335),
('Kanyelele', 33516, 335),
('Usagara', 33517, 335),
('Ukiliguru', 33518, 335),
('Bulemeji', 33519, 335),
('Idetemya', 33520, 335),
('Mabuki', 33521, 335),
('Mamaye', 33522, 335),
('Mondo', 33523, 335),
('Fella', 33524, 335),
('Isengengeja', 33525, 335),
('Gulumungu', 33526, 335),
('Isesa', 33527, 335),
('Nansio', 33601, 336),
('Kagera', 33602, 336),
('Nakatunguru', 33603, 336),
('Kakerege', 33604, 336),
('Bukongo', 33605, 336),
('Bukanda', 33606, 336),
('Namagondo', 33607, 336),
('Nkilizya', 33608, 336),
('Ngoma', 33609, 336),
('Mukituntu', 33610, 336),
('Nduruma', 33611, 336),
('Murutunguru', 33612, 336),
('Kagunguli', 33613, 336),
('Bukindo', 33614, 336),
('Ilangala', 33615, 336),
('Bwiro', 33616, 336),
('Muriti', 33617, 336),
('Namilembe', 33618, 336),
('Igalla', 33619, 336),
('Bwisya', 33620, 336),
('Bukungu', 33621, 336),
('Nyamanga', 33622, 336),
('Bukiko', 33623, 336),
('Irugwa', 33624, 336),
('Kakukuru', 33625, 336),
('Ngudu', 33801, 338),
('Igongwa', 33802, 338),
('Walla', 33803, 338),
('Mwandu', 33804, 338),
('Malya', 33805, 338),
('Lyoma', 33806, 338),
('MwangHalanga', 33807, 338),
('NgHundi', 33808, 338),
('Mwagi', 33809, 338),
('Nyambiti', 33810, 338),
('Maligisu', 33811, 338),
('Iseni', 33812, 338),
('Bungulwa', 33813, 338),
('Sumve', 33814, 338),
('Mantare', 33815, 338),
('Ngulla', 33816, 338),
('Mwabomba', 33817, 338),
('Nyamilama', 33818, 338),
('Mwakilyambiti', 33819, 338),
('Hungumalwa', 33820, 338),
('Mwamala', 33821, 338),
('Fukalo', 33822, 338),
('Bupamwa', 33823, 338),
('Kikubiji', 33824, 338),
('Mhande', 33825, 338),
('Nkalalo', 33826, 338),
('Shilembo', 33827, 338),
('Ilula', 33828, 338),
('Mwankulwe', 33829, 338),
('Bugando', 33830, 338),
('Bakoba', 35101, 351),
('Bilele', 35102, 351),
('Buhembe', 35103, 351),
('Hamugembe', 35104, 351),
('Ijuganyondo', 35105, 351),
('Kagondo', 35106, 351),
('Kahororo', 35107, 351),
('Kashai', 35108, 351),
('Kibeta', 35109, 351),
('Kitendaguro', 35110, 351),
('Miembeni', 35111, 351),
('Nshambya', 35112, 351),
('Nyanga', 35113, 351),
('Rwamishenye', 35114, 351),
('Behendangabo', 35201, 352),
('Kaagya', 35202, 352),
('Kishanje', 35203, 352),
('Rubafu', 35204, 352),
('Nyakato', 35205, 352),
('Katoro', 35206, 352),
('Bujugo', 35207, 352),
('Katerero', 35208, 352),
('Kyamulaile', 35209, 352),
('Mikoni', 35210, 352),
('Nyakibimbili', 35211, 352),
('Kasharu', 35212, 352),
('Ibwera', 35213, 352),
('Kaibanja', 35214, 352),
('Kibirizi', 35215, 352),
('Butelankuzi', 35216, 352),
('Ruhunga', 35217, 352),
('Kikomelo', 35218, 352),
('Izimbya', 35219, 352),
('Rubale', 35220, 352),
('Katoma', 35221, 352),
('Karabagaine', 35222, 352),
('Maruku', 35223, 352),
('Kanyangereko', 35224, 352),
('Kemondo', 35225, 352),
('Kishogo', 35226, 352),
('Mugajwale', 35227, 352),
('Rukoma', 35229, 352),
('Kyaitoke', 35230, 352),
('Ishozi', 35301, 353),
('Bwanjai', 35302, 353),
('Ishunju', 35303, 353),
('Buyango', 35304, 353),
('Ruzinga', 35305, 353),
('Bugandika', 35306, 353),
('Kitobo', 35307, 353),
('Gera', 35308, 353),
('Kanyigo', 35309, 353),
('Kashenye', 35310, 353),
('Bugorora', 35311, 353),
('Kyaka', 35312, 353),
('Kilimilile', 35313, 353),
('Kassambya', 35314, 353),
('Minziro', 35315, 353),
('Nsunga', 35316, 353),
('Kakunyu', 35317, 353),
('Mushasha', 35318, 353),
('Mabale', 35319, 353),
('Mutukula', 35320, 353),
('Ndama', 35401, 354),
('Kayanga', 35402, 354),
('Nyakahanga', 35403, 354),
('Bugene', 35404, 354),
('Ihanda', 35405, 354),
('Kihanga', 35406, 354),
('Rugu', 35407, 354),
('Nyaishozi', 35408, 354),
('Nyakasimbi', 35409, 354),
('Ihembe', 35410, 354),
('Kiruruma', 35411, 354),
('Bweranyange', 35412, 354),
('Kibondo', 35413, 354),
('Nyabiyonza', 35414, 354),
('Nyakakika', 35415, 354),
('Kituntu', 35416, 354),
('Igurwa', 35417, 354),
('Kanoni', 35429, 354),
('Chonyonyo', 35437, 354),
('Nyakabanga', 35438, 354),
('Rugera', 35439, 354),
('Chanika', 35440, 354),
('Kamagambo', 35442, 354),
('Nyakahanga', 35443, 354),
('Ndama', 35444, 354),
('Ihanda', 35445, 354),
('Muleba', 35501, 355),
('Ngenge', 35503, 355),
('Izigo', 35504, 355),
('Muhutwe', 35505, 355),
('Mayondwe', 35506, 355),
('Bumbire', 35507, 355),
('Kagoma', 35508, 355),
('Goziba', 35509, 355),
('Kamachumu', 35510, 355),
('Bulyakashaju', 35511, 355),
('Ruhanga', 35512, 355),
('Ibuga', 35513, 355),
('Burungura', 35514, 355),
('Kibanga', 35515, 355),
('Ikondo', 35516, 355),
('Bureza', 35517, 355),
('Mazinga', 35518, 355),
('Nshamba', 35519, 355),
('Kishanda', 35520, 355),
('Biirabo', 35521, 355),
('Ijumbi', 35522, 355),
('Buganguzi', 35523, 355),
('Kashasha', 35524, 355),
('Kimwani', 35525, 355),
('Karambi', 35526, 355),
('Kasharunga', 35527, 355),
('Mubunda', 35528, 355),
('Kyebitembe', 35529, 355),
('Kabirizi', 35530, 355),
('Magata/Karutanga', 35531, 355),
('Nyakatanga', 35532, 355),
('Rutoro', 35533, 355),
('Katoke', 35534, 355),
('Kikuku', 35535, 355),
('Kerebe', 35536, 355),
('Mafumbo', 35537, 355),
('Buhangaza', 35538, 355),
('Gwanseli', 35539, 355),
('Ikuza', 35540, 355),
('Nyakabango', 35541, 355),
('Rulanda', 35542, 355),
('Bisheke', 35543, 355),
('Mushabago', 35544, 355),
('Biharamulo Mjini', 35601, 356),
('Nyakahura', 35602, 356),
('Lusahunga', 35603, 356),
('Kalenge', 35604, 356),
('Nyabusozi', 35605, 356),
('Nyarubungo', 35606, 356),
('Runazi', 35607, 356),
('Nyamigogo', 35608, 356),
('Kaniha', 35609, 356),
('Nyantakara', 35610, 356),
('Nyamahanga', 35611, 356),
('Ruziba', 35612, 356),
('Kabindi', 35613, 356),
('Bisibo', 35614, 356),
('Nemba', 35615, 356),
('Nyanza', 35616, 356),
('Katahoka', 35617, 356),
('Ngara Mjini', 35701, 357),
('Rusumo', 35702, 357),
('Nyamiaga', 35703, 357),
('Ntobeye', 35704, 357),
('Kibimba', 35705, 357),
('Kanazi', 35706, 357),
('Mugoma', 35707, 357),
('Mabawe', 35708, 357),
('Kabanga', 35709, 357),
('Murusagamba', 35710, 357),
('Muganza', 35711, 357),
('Nyakisasa', 35712, 357),
('Rulenge', 35713, 357),
('Bukiriro', 35714, 357),
('Bugarama', 35715, 357),
('Keza', 35716, 357),
('Kirushya', 35717, 357),
('Kasulo', 35718, 357),
('Murukurazo', 35719, 357),
('Mbuba', 35720, 357),
('Nyamagoma', 35721, 357),
('Kibogora', 35722, 357),
('Kyerwa', 35801, 358),
('Isingiro', 35802, 358),
('Kaisho', 35803, 358),
('Rutunguru', 35804, 358),
('Kibare', 35805, 358),
('Bugomora', 35806, 358),
('Kibingo', 35807, 358),
('Murongo', 35808, 358),
('Nyaruzumbura', 35809, 358),
('Businde', 35810, 358),
('Bugara', 35811, 358),
('Mabira', 35812, 358),
('Nyakatuntu', 35813, 358),
('Kamuli', 35814, 358),
('Kitwe', 35815, 358),
('Kimuli', 35816, 358),
('Kakanja', 35817, 358),
('Kikukuru', 35818, 358),
('Rwabwere', 35819, 358),
('Iteera', 35820, 358),
('Nkwenda', 35821, 358),
('Rukuraijo', 35822, 358),
('Kitwechenchura', 35823, 358),
('Songambele', 35824, 358),
('Mjini', 37101, 371),
('Kambarage', 37102, 371),
('Ngokolo', 37103, 371),
('Chamaguha', 37104, 371),
('Kitangili', 37105, 371),
('Ibinzamata', 37106, 371),
('Ndala', 37107, 371),
('Kizumbi', 37108, 371),
('Mwawaza', 37109, 371),
('Chibe', 37111, 371),
('Mwamalili', 37112, 371),
('Ibadakuli', 37113, 371),
('Kolandoto', 37114, 371),
('Lubaga', 37115, 371),
('Masekelo', 37116, 371),
('Ndembezi', 37117, 371),
('Old Shinyanga', 37118, 371),
('Samuye', 37201, 372),
('Mwamala', 37202, 372),
('Usule', 37203, 372),
('Imesela', 37204, 372),
('Ilola', 37205, 372),
('Lyabukande', 37206, 372),
('Iselamagazi', 37207, 372),
('Pandagichiza', 37208, 372),
('Usanda', 37209, 372),
('Tinde', 37210, 372),
('Itwangi', 37211, 372),
('Didia', 37212, 372),
('Solwa', 37213, 372),
('Salawe', 37214, 372),
('Mwakitolyo', 37215, 372),
('Puni', 37219, 372),
('Nyida', 37220, 372),
('Nsalala', 37221, 372),
('Bukene', 37222, 372),
('Masengwa', 37223, 372),
('Mwalukwa', 37224, 372),
('Nyamalogo', 37225, 372),
('Lyamidati', 37226, 372),
('Mwenge', 37227, 372),
('Lyabusalu', 37228, 372),
('Mwantini', 37229, 372),
('Majengo', 37301, 373),
('Nyasubi', 37302, 373),
('Nyahanga', 37303, 373),
('Kahama Mjini', 37304, 373),
('Malunga', 37305, 373),
('Mwandakulima', 37306, 373),
('Nyihogo', 37307, 373),
('Mhungula', 37308, 373),
('Zongomera', 37309, 373),
('Mhongolo', 37310, 373),
('Bugarama', 37311, 373),
('BulyanHulu', 37312, 373),
('Lunguya', 37313, 373),
('Segese', 37314, 373),
('Mega', 37315, 373),
('Chela', 37316, 373),
('Busangi', 37317, 373),
('Ngogwa', 37318, 373),
('Wendele', 37319, 373),
('Bulige', 37320, 373),
('Kashishi', 37321, 373),
('Kinaga', 37322, 373),
('Mwanase', 37323, 373),
('Isagehe', 37324, 373),
('Mondo', 37325, 373),
('Kagongwa', 37326, 373),
('Mwalugulu', 37327, 373),
('Jana', 37328, 373),
('Isaka', 37329, 373),
('Busoka', 37330, 373),
('Nyandekwa', 37331, 373),
('Kilago', 37332, 373),
('Iyenze', 37333, 373),
('Ntobo', 37334, 373),
('Ngaya', 37335, 373),
('Ikinda', 37336, 373),
('Shilela', 37337, 373),
('Mwakata', 37338, 373),
('Chona', 37339, 373),
('Chambo', 37340, 373),
('Kisuke', 37341, 373),
('Nyamilangano', 37342, 373),
('Mapamba', 37343, 373),
('Bukomela', 37344, 373),
('Ukune', 37345, 373),
('Igunda', 37346, 373),
('Kinamapula', 37347, 373),
('Igwamanoni', 37348, 373),
('Mpunze', 37349, 373),
('Sabasabini', 37350, 373),
('Idahina', 37351, 373),
('Bulungwa', 37352, 373),
('Nyankende', 37353, 373),
('Ulewe', 37354, 373),
('Ushetu', 37355, 373),
('Uyogo', 37356, 373),
('Ulowa', 37357, 373),
('Ubagwe', 37358, 373),
('Kishapu', 37501, 375),
('Uchunga', 37502, 375),
('Mwamashele', 37503, 375),
('Shagihilu', 37504, 375),
('Mwakipoya', 37505, 375),
('Somagendi', 37506, 375),
('Mwamalasa', 37507, 375),
('Masanga', 37508, 375),
('Lagana', 37509, 375),
('Ngofila', 37510, 375),
('Kiloleli', 37511, 375),
('Itilima', 37512, 375),
('Talaga', 37513, 375),
('Ukenyenge', 37514, 375),
('Mwadui Lohumbo', 37515, 375),
('Songwa', 37516, 375),
('Mondo', 37517, 375),
('Seke Bugoro', 37518, 375),
('Bubiki', 37519, 375),
('Bunambiyu', 37520, 375),
('Maganzo', 37521, 375),
('Mwaweja', 37522, 375),
('Bupipi', 37523, 375),
('Busangwa', 37524, 375),
('Mwataga', 37525, 375),
('Ndoleleji', 37526, 375),
('Mwasubi', 37527, 375),
('Igaga', 37528, 375),
('Idukilo', 37529, 375),
('Bariadi', 39101, 391),
('Bunamhala', 39102, 391),
('Somanda', 39103, 391),
('Sima', 39104, 391),
('Malambo', 39105, 391),
('Sakwe', 39106, 391),
('Mhango', 39107, 391),
('Kasoli', 39108, 391),
('Kilalo', 39109, 391),
('Gambosi', 39110, 391),
('Ngulyati', 39111, 391),
('Nkololo', 39112, 391),
('Mwaubingi', 39113, 391),
('Mwadobana', 39114, 391),
('Nkindwabiye', 39115, 391),
('Mwaumatondo', 39116, 391),
('Dutwa', 39117, 391),
('Gilya', 39118, 391),
('Sapiwi', 39119, 391),
('Matongo', 39120, 391),
('Nyakabindi', 39121, 391),
('Ikungulyabashashi', 39122, 391),
('Guduwi', 39123, 391),
('Isanga', 39124, 391),
('Nyangokolwa', 39125, 391),
('Masewa', 39127, 391),
('Mwasubuya', 39128, 391),
('Itubukilo', 39129, 391),
('Ihusi', 39130, 391),
('Gibishi', 39131, 391),
('Benemhi', 39132, 391),
('Lagangabilili', 39201, 392),
('Budalabujiga', 39202, 392),
('Mhunze', 39203, 392),
('Migato', 39204, 392),
('Ndolelezi', 39205, 392),
('Chinamili', 39206, 392),
('Bumera', 39207, 392),
('Ikindilo', 39208, 392),
('Sagata', 39209, 392),
('Mwamtani', 39210, 392),
('Nkuyu', 39211, 392),
('Mwaswale', 39212, 392),
('Nkoma', 39213, 392),
('Mwalushu', 39214, 392),
('Nyamalapa', 39215, 392),
('Mwamapalala', 39216, 392),
('Luguru', 39217, 392),
('Nhobora', 39218, 392),
('Kinang?weli', 39219, 392),
('Mbita', 39220, 392),
('Sawida', 39221, 392),
('Zagayu', 39222, 392),
('Buchambi', 39301, 393),
('Zanzui', 39302, 393),
('Mwamashimba', 39303, 393),
('Isanga', 39304, 393),
('Masela', 39305, 393),
('SengWa', 39306, 393),
('Lalago', 39307, 393),
('Dakama', 39308, 393),
('Budekwa', 39309, 393),
('Busilili', 39310, 393),
('Sukuma', 39311, 393),
('NgWigwa', 39312, 393),
('Ngulinguli', 39313, 393),
('Mwamanenge', 39314, 393),
('Mpindo', 39315, 393),
('Senani', 39316, 393),
('Ipililo', 39317, 393),
('Binza', 39318, 393),
('Nyalikungu', 39319, 393),
('Malampaka', 39320, 393),
('Badi', 39321, 393),
('Nyabubinza', 39322, 393),
('MwangHonoli', 39323, 393),
('Kulimi', 39324, 393),
('Kadoto', 39325, 393),
('Shishiyu', 39326, 393),
('Busangi', 39327, 393),
('Jija', 39328, 393),
('Mbaragane', 39329, 393),
('Sangamwalugesha', 39330, 393),
('Mwabaratulu', 39331, 393),
('Bugarama', 39332, 393),
('Mataba', 39333, 393),
('Mwabayanda', 39334, 393),
('Sola', 39335, 393),
('Shanwa', 39336, 393),
('Lubiga', 39401, 394),
('Mwandoya', 39402, 394),
('Mwakisandu', 39403, 394),
('Mwabusalu', 39404, 394),
('Sakasaka', 39405, 394),
('Tindabuligi', 39406, 394),
('Lingeka', 39407, 394),
('Mwasengela', 39408, 394),
('Mwabuma', 39409, 394),
('Kisesa', 39410, 394),
('Itinje', 39411, 394),
('Mwanhuzi', 39412, 394),
('Mwanyahina', 39413, 394),
('Mwamishali', 39414, 394),
('Kimali', 39415, 394),
('Mwangudo', 39416, 394),
('Nkoma', 39417, 394),
('Imalaseko', 39418, 394),
('NgHoboko', 39419, 394),
('Mwamanongu', 39420, 394),
('Mwamalole', 39421, 394),
('Mwamanimba', 39422, 394),
('Bukundi', 39423, 394),
('Mwabuzo', 39424, 394),
('Mwanjolo', 39425, 394),
('Isengwa', 39426, 394),
('Mbugayabanghya', 39427, 394),
('Mbushi', 39428, 394),
('Kabondo', 39429, 394),
('Kabita', 39501, 395),
('Mwamanyili', 39502, 395),
('Kiloleli', 39503, 395),
('Nyaluhande', 39504, 395),
('Badugu', 39505, 395),
('Shigala', 39506, 395),
('Kalemela', 39507, 395),
('Mkula', 39508, 395),
('Igalukilo', 39509, 395),
('Malili', 39510, 395),
('Ngasamo', 39511, 395),
('Nyashimo', 39512, 395),
('Lamadi', 39513, 395),
('Lutubiga', 39514, 395),
('Imalamate', 39515, 395),
('Uhuru', 41101, 411),
('Viwandani', 41102, 411),
('Madukani', 41103, 411),
('Tambukareli', 41104, 411),
('Makole', 41105, 411),
('Majengo', 41106, 411),
('Dodoma Makulu', 41107, 411),
('Hazina', 41108, 411),
('Chamwino', 41109, 411),
('Kilimani', 41110, 411),
('Kikuyu kaskazini', 41111, 411),
('Kikuyu kusini', 41112, 411),
('Miyuji', 41113, 411),
('Kizota', 41114, 411),
('Kiwanja cha', 41115, 411),
('Mkonze', 41116, 411),
('Nkuhungu', 41117, 411),
('Ihumwa', 41118, 411),
('NgOnngOnha', 41119, 411),
('Matumbulu', 41120, 411),
('Makutopora', 41201, 412),
('Ipala', 41202, 412),
('Chihanga', 41203, 412),
('Hombolo', 41204, 412),
('Msalato', 41205, 412),
('Kikombo', 41206, 412),
('Mtumba', 41207, 412),
('Zuzu', 41208, 412),
('Nala', 41209, 412),
('Mbabala', 41210, 412),
('Mbalawala', 41211, 412),
('Mpunguzi', 41212, 412),
('Mnadani', 41213, 412),
('Chigongwe', 41214, 412),
('Chahwa', 41215, 412),
('ChangOmbe', 41216, 412),
('Ipagala', 41217, 412),
('Iyumbu', 41218, 412),
('Ntyuka', 41219, 412),
('Nzuguni', 41220, 412),
('HomboloMakulu', 41221, 412),
('Bahi', 41301, 413),
('Ibihwa', 41302, 413),
('Ilindi', 41303, 413),
('Kigwe', 41304, 413),
('Mpamamtwa', 41305, 413),
('Chali', 41306, 413),
('Chikola', 41307, 413),
('Chipanga', 41308, 413),
('Nondwa', 41309, 413),
('Mpalanga', 41310, 413),
('Lamaiti', 41311, 413),
('Makanda', 41312, 413),
('Msisi', 41313, 413),
('Mundemu', 41314, 413),
('Zanka', 41315, 413),
('Chibelela', 41316, 413),
('Ibugule', 41317, 413),
('Mtitaa', 41318, 413),
('Mwitikira', 41319, 413),
('Chifutuka', 41320, 413),
('Mpinga', 41321, 413),
('Babayu', 41322, 413),
('Chilonwa', 41401, 414),
('Buigiri', 41402, 414),
('Majeleko', 41403, 414),
('Manchali', 41404, 414),
('Msanga', 41405, 414),
('Msamalo', 41406, 414),
('Ikowa', 41407, 414),
('Membe', 41408, 414),
('Dabalo', 41409, 414),
('Haneti', 41410, 414),
('Itiso', 41411, 414),
('Segala', 41412, 414),
('Mvumi Misheni', 41413, 414),
('Handali', 41414, 414),
('Idifu', 41415, 414),
('Igandu', 41416, 414),
('Muungano', 41417, 414),
('Mvumi Makulu', 41418, 414),
('Fufu', 41419, 414),
('Iringa Mvumi', 41420, 414),
('MakangWa', 41421, 414),
('Manzase', 41422, 414),
('Mlowa bwawani', 41423, 414),
('Mpwayungu', 41424, 414),
('Chinugulu', 41425, 414),
('Huzi', 41426, 414),
('Manda', 41427, 414),
('Nghambaku', 41428, 414),
('Zajilwa', 41430, 414),
('Chiboli', 41431, 414),
('Loje', 41432, 414),
('Nhinhi', 41433, 414),
('Chamwino', 41434, 414),
('Nghaheleze', 41435, 414),
('Ikombolinga', 41436, 414),
('Mlowa', 41437, 414),
('Kongwa', 41501, 415),
('Ugogoni', 41502, 415),
('Sagara', 41503, 415),
('Iduo', 41504, 415),
('Mlali', 41505, 415),
('Chamkoroma', 41506, 415),
('Pandambili', 41507, 415),
('Kibaigwa', 41508, 415),
('Mtanana', 41509, 415),
('Njoge', 41510, 415),
('Sejeli', 41511, 415),
('Hogoro', 41512, 415),
('Mkoka', 41513, 415),
('Zoissa', 41514, 415),
('Chitego', 41515, 415),
('Matongoro', 41516, 415),
('Makawa', 41517, 415),
('Songambele', 41518, 415),
('Nghumbi', 41519, 415),
('Lenjulu', 41520, 415),
('Chiwe', 41521, 415),
('Ngomai', 41522, 415),
('Mpwapwa Mjini', 41601, 416),
('Mazae', 41602, 416),
('VingAwe', 41603, 416),
('Gulwe', 41604, 416),
('Kimagai', 41605, 416),
('Berege', 41606, 416),
('Chunyu', 41607, 416),
('Nghambi', 41608, 416),
('Lupeta', 41609, 416),
('Chitemo', 41610, 416),
('Wotta', 41611, 416),
('Kingiti', 41612, 416),
('Kibakwe', 41613, 416),
('Godegode', 41614, 416),
('Matomondo', 41615, 416),
('Pwaga', 41616, 416),
('Lumuma', 41617, 416),
('Luhundwa', 41618, 416),
('Mlunduzi', 41619, 416),
('Mima', 41620, 416),
('Rudi', 41621, 416),
('Massa', 41622, 416),
('Mbuga', 41623, 416),
('Ipera', 41624, 416),
('Iwondo', 41625, 416),
('Lufu', 41626, 416),
('Galigali', 41627, 416),
('Malolo', 41628, 416),
('Mtera', 41629, 416),
('Chipogoro', 41630, 416),
('Mlembule', 41631, 416),
('Wangi', 41632, 416),
('MangAliza', 41633, 416),
('KondoaMjini', 41701, 417),
('Suruke', 41702, 417),
('Kingale', 41703, 417),
('Kolo', 41704, 417),
('Kilimani', 41705, 417),
('Chemchem', 41706, 417),
('Thawi', 41707, 417),
('Soera', 41708, 417),
('Mnenia', 41709, 417),
('Masange', 41710, 417),
('Kikilo', 41711, 417),
('Kisese', 41712, 417),
('Kikore', 41713, 417),
('Pahi', 41714, 417),
('Bumbuta', 41715, 417),
('Busi', 41716, 417),
('Kalamba', 41717, 417),
('Haubi', 41718, 417),
('Kwadelo', 41719, 417),
('Itaswi', 41720, 417),
('Itololo', 41721, 417),
('Kinyasi', 41722, 417),
('Hondomairo', 41723, 417),
('Bereko', 41724, 417),
('Salanka', 41725, 417),
('Keikei', 41726, 417),
('Serya', 41727, 417),
('Bolisa', 41728, 417),
('Changaa', 41729, 417),
('Chemba', 41801, 418),
('Chandama', 41802, 418),
('Mrijo', 41803, 418),
('Goima', 41804, 418),
('Paranga', 41805, 418),
('Gwandi', 41806, 418),
('Farkwa', 41807, 418),
('Kwamtoro', 41808, 418),
('Lalta', 41809, 418),
('Ovada', 41810, 418),
('Sanzawa', 41811, 418),
('Mpendo', 41812, 418),
('Makorongo', 41813, 418),
('Mondo', 41814, 418),
('Dalai', 41815, 418),
('Jangalo', 41816, 418),
('Churuku', 41817, 418),
('Msaada', 41818, 418),
('Songolo', 41819, 418),
('Soya', 41820, 418),
('Kimaha', 41821, 418),
('Kidoka', 41822, 418),
('Babayu', 41823, 418),
('Tumbakose', 41824, 418),
('Kinyamshindo', 41825, 418),
('Lahoda', 41826, 418),
('Utemini', 43101, 431),
('Mughanga', 43102, 431),
('Mitunduruni', 43103, 431),
('Mtamaa', 43104, 431),
('Mandewa', 43105, 431),
('Mwankoko', 43106, 431),
('Mungumaji', 43107, 431),
('Ipembe', 43108, 431),
('Majengo', 43109, 431),
('Kindai', 43110, 431),
('Mtipa', 43111, 431),
('Unyambwa', 43112, 431),
('Unyamikumbi', 43113, 431),
('Minga', 43114, 431),
('Misuna', 43115, 431),
('Uhamaka', 43116, 431),
('Unyianga', 43117, 431),
('Kisaki', 43118, 431),
('Mgori', 43201, 432),
('Mughunga', 43202, 432),
('Ngimu', 43203, 432),
('Itaja', 43204, 432),
('Ilongero', 43205, 432),
('Mrama', 43206, 432),
('Kinyeto', 43207, 432),
('Kinyagigi', 43208, 432),
('Mwasauya', 43209, 432),
('Mughamo', 43210, 432),
('Ntonge', 43211, 432),
('Ikhanoda', 43212, 432),
('Merya', 43213, 432),
('Maghojoa', 43214, 432),
('Msange', 43215, 432),
('Mtinko', 43216, 432),
('Kijota', 43217, 432),
('Ughandi', 43218, 432),
('Msisi', 43219, 432),
('Makuro', 43220, 432),
('Mudida', 43221, 432),
('Kiomboi', 43301, 433),
('Kinampanda', 43302, 433),
('Ulemo', 43303, 433),
('Kyengenge', 43304, 433),
('Kaselya', 43305, 433),
('Mtekente', 43306, 433),
('Urughu', 43307, 433),
('Mbelekese', 43308, 433),
('Ndago', 43309, 433),
('Shelui', 43310, 433),
('Mtoa', 43311, 433),
('Ntwike', 43312, 433),
('Kisiriri', 43313, 433),
('Tulya', 43314, 433),
('Kidaru', 43315, 433),
('Ndulungu', 43316, 433),
('Mgongo', 43317, 433),
('Old Kiomboi', 43318, 433),
('Maluga', 43319, 433),
('Mukulu', 43320, 433),
('Manyoni Urban', 43401, 434),
('Mkwese', 43402, 434),
('Muhalala', 43403, 434),
('Chikuyu', 43404, 434),
('Makutopora', 43405, 434),
('Makanda', 43406, 434),
('Kintinku', 43407, 434),
('Maweni', 43408, 434),
('Chikola', 43409, 434),
('Heka', 43410, 434),
('Sasilo', 43411, 434),
('Nkonko', 43412, 434),
('Sanza', 43413, 434),
('Isseke', 43414, 434),
('Solya', 43415, 434),
('Makuru', 43416, 434),
('Saranda', 43417, 434),
('Majiri', 43418, 434),
('Sasajila', 43419, 434),
('Idodyandole', 43420, 434),
('Aghondi', 43421, 434),
('Rungwa', 43422, 434),
('Mwamagembe', 43423, 434),
('Mgandu', 43424, 434),
('Itigi Mjini', 43425, 434),
('Kitaraka', 43426, 434),
('Itigi Majengo', 43427, 434),
('Ipande', 43428, 434),
('Sanjaranda', 43429, 434),
('Mitundu', 43430, 434),
('Tambukareli', 43431, 434),
('Kalangali', 43432, 434),
('Kinyangiri', 43501, 435),
('Kikhonda', 43502, 435),
('Iguguno', 43503, 435),
('Msingi', 43504, 435),
('Mwanga', 43505, 435),
('Ilunda', 43506, 435),
('Nduguti', 43507, 435),
('Gumanga', 43508, 435),
('Ibaga', 43509, 435),
('Nkinto', 43510, 435),
('Mwangeza', 43511, 435),
('Mpambala', 43512, 435),
('Miganga', 43513, 435),
('Matongo', 43514, 435),
('Tumuli', 43515, 435),
('Nkalakala', 43516, 435),
('Kinampundu', 43517, 435),
('Ihanja', 43601, 436),
('Isseke', 43602, 436),
('Minyughe', 43603, 436),
('Puma', 43604, 436),
('Kituntu', 43605, 436),
('Muhintiri', 43606, 436),
('Iglansoni', 43607, 436),
('Sepuka', 43608, 436),
('Mtunduru', 43609, 436),
('Mwaru', 43610, 436),
('Ighombwe', 43611, 436),
('Mgungira', 43612, 436),
('Iyumbu', 43613, 436),
('Irisya', 43614, 436),
('Ikungi', 43615, 436),
('Unyahati', 43616, 436),
('DungUnyi', 43617, 436),
('Issuna', 43618, 436),
('Mkiwa', 43619, 436),
('MangOnyi', 43620, 436),
('Mungaa', 43621, 436),
('Ntuntu', 43622, 436),
('Lighwa', 43623, 436),
('Siuyu', 43624, 436),
('Misughaa', 43625, 436),
('Kikio', 43626, 436),
('Makilawa', 43627, 436),
('Makiungu', 43628, 436),
('NgAmbo', 45101, 451),
('Kitete', 45102, 451),
('Malolo', 45103, 451),
('Mbugani', 45104, 451),
('Mtenedeni', 45105, 451),
('TambukaReli', 45106, 451),
('Ipuli', 45107, 451),
('Isevya', 45108, 451),
('Kanyenye', 45109, 451),
('Kiloleni', 45110, 451),
('Chemchem', 45111, 451);
INSERT INTO `wards` (`ward_name`, `ward_code`, `district_code`) VALUES
('Cheyo', 45112, 451),
('Gongoni', 45113, 451),
('Uyui', 45114, 451),
('Kalunde', 45115, 451),
('Ndevelwa', 45116, 451),
('Itetemia', 45117, 451),
('Kakola', 45118, 451),
('Misha', 45119, 451),
('Tumbi', 45120, 451),
('Itonjanda', 45121, 451),
('Ikomwa', 45122, 451),
('Kabila', 45123, 451),
('Ntalikwa', 45124, 451),
('Ifucha', 45125, 451),
('Mpela', 45126, 451),
('Mwinyi', 45127, 451),
('Kidongochekundu', 45128, 451),
('Mapambano', 45129, 451),
('Goweko', 45201, 452),
('Lutende', 45202, 452),
('Kizengi', 45203, 452),
('Loya', 45204, 452),
('Igalula', 45205, 452),
('Ilolangulu', 45206, 452),
('Mabama', 45207, 452),
('Ndono', 45208, 452),
('Ufuluma', 45209, 452),
('Usagari', 45210, 452),
('Ibiri', 45211, 452),
('Ikongolo', 45212, 452),
('Isikizya', 45213, 452),
('Magiri', 45214, 452),
('Upuge', 45215, 452),
('Bukumbi', 45216, 452),
('Shitage', 45217, 452),
('Nsololo', 45218, 452),
('Miyenze', 45219, 452),
('Tura', 45220, 452),
('Miswaki', 45221, 452),
('Kigwa', 45222, 452),
('Ibelamilundi', 45223, 452),
('Nsimbo', 45224, 452),
('Kalola', 45225, 452),
('Makazi', 45226, 452),
('Mmale', 45227, 452),
('Igulungu', 45228, 452),
('Nzubuka', 45229, 452),
('Isila', 45230, 452),
('Sikonge', 45301, 453),
('Chabutwa', 45302, 453),
('Ipole', 45303, 453),
('Tutuo', 45304, 453),
('Kiloleli', 45305, 453),
('Kipanga', 45306, 453),
('Igigwa', 45307, 453),
('Pangale', 45308, 453),
('Kipili', 45309, 453),
('Kiloli', 45310, 453),
('Kitunda', 45311, 453),
('Misheni', 45312, 453),
('Kisanga', 45313, 453),
('Ngoywa', 45314, 453),
('Mole', 45315, 453),
('Usunga', 45316, 453),
('Mpombwe', 45317, 453),
('Mkolye', 45318, 453),
('Nyahua', 45319, 453),
('Kilumbi', 45320, 453),
('NzegaMjiniMagharibi', 45401, 454),
('NzegaNdogo', 45402, 454),
('Ijanija', 45403, 454),
('Itilo', 45404, 454),
('Shigamba', 45405, 454),
('Itobo', 45406, 454),
('Isanzu', 45407, 454),
('Karitu', 45408, 454),
('Kasela', 45409, 454),
('Mwangoye', 45410, 454),
('Nata', 45411, 454),
('Lusu', 45412, 454),
('Mbogwe', 45413, 454),
('Wela', 45414, 454),
('Miguwa', 45415, 454),
('Utwigu', 45416, 454),
('Isagenhe', 45417, 454),
('Bukene', 45418, 454),
('Uduka', 45419, 454),
('Ikindwa', 45420, 454),
('Mwamala', 45421, 454),
('Sigili', 45422, 454),
('Muhugi', 45423, 454),
('Mizibaziba', 45424, 454),
('Nkiniziwa', 45425, 454),
('Mwakashanhala', 45426, 454),
('Mambali', 45427, 454),
('Semembela', 45428, 454),
('Mogwa', 45429, 454),
('Kamanhalanga', 45430, 454),
('Igusule', 45431, 454),
('Tongi', 45432, 454),
('Budushi', 45433, 454),
('Ndala', 45434, 454),
('Puge', 45435, 454),
('Magengati', 45436, 454),
('Milambo Itobo', 45437, 454),
('Nzega Mjini Mashariki', 45438, 454),
('Uchama', 45439, 454),
('Kitangili', 45440, 454),
('Mwanzoli', 45441, 454),
('Mwasala', 45442, 454),
('Mwantundu', 45443, 454),
('Mbagwa', 45444, 454),
('Ugembe', 45445, 454),
('Mbutu', 45446, 454),
('Urambo', 45501, 455),
('Kapilula', 45502, 455),
('Itundu', 45503, 455),
('Imalamakoye', 45504, 455),
('Vumilia', 45505, 455),
('Usisya', 45506, 455),
('Songambele', 45507, 455),
('Ukondamoyo', 45508, 455),
('Muungano', 45509, 455),
('Kiloleni', 45510, 455),
('Ussoke', 45511, 455),
('Uyumbu', 45512, 455),
('Mchikichini', 45513, 455),
('Kiyungi', 45514, 455),
('Kasisi', 45524, 455),
('Nsenda', 45525, 455),
('Uyogo', 45526, 455),
('Ugala', 45527, 455),
('Igunga', 45601, 456),
('Nguvumoja', 45602, 456),
('Bukoko', 45603, 456),
('Nanga', 45604, 456),
('Mwamashiga', 45605, 456),
('Mbutu', 45606, 456),
('Isakamaliwa', 45607, 456),
('Itumba', 45608, 456),
('Sungwizi', 45609, 456),
('Nyandekwa', 45610, 456),
('Ntobo', 45611, 456),
('Itunduru', 45612, 456),
('Igurubi', 45613, 456),
('Mwamashimba', 45614, 456),
('KiningInila', 45615, 456),
('Igoweko', 45616, 456),
('Simbo', 45617, 456),
('Chabutwa', 45618, 456),
('Mwisi', 45619, 456),
('Nkinga', 45620, 456),
('Ndembezi', 45621, 456),
('Ziba', 45622, 456),
('Ngulu', 45623, 456),
('Chomachankola', 45624, 456),
('Mwashikumbili', 45625, 456),
('Kinungu', 45626, 456),
('Lugubu', 45627, 456),
('Mtunguru', 45628, 456),
('Mwamakoma', 45629, 456),
('Ugaka', 45630, 456),
('Mwamala', 45631, 456),
('Kitangili', 45632, 456),
('Iborogelo', 45633, 456),
('Uswaya', 45634, 456),
('Tambalale', 45635, 456),
('Kaliua', 45701, 457),
('Ushokola', 45702, 457),
('Ugunga', 45703, 457),
('Kazaroho', 45704, 457),
('Igwisi', 45705, 457),
('Ukumbi Siganga', 45706, 457),
('Zugimlole', 45707, 457),
('Usinge', 45708, 457),
('Igagala', 45709, 457),
('Kamsekwa', 45710, 457),
('Mwongozo', 45711, 457),
('Ichemba', 45712, 457),
('Kashishi', 45713, 457),
('Kanoge', 45714, 457),
('Uyowa', 45715, 457),
('Silambo', 45716, 457),
('Seleli', 45717, 457),
('Sasu', 45718, 457),
('Ufukutwa', 45719, 457),
('Usenye', 45720, 457),
('Usimba', 45721, 457),
('Nhwande', 45722, 457),
('Makingi', 45723, 457),
('Kona nne', 45724, 457),
('Ilege', 45725, 457),
('Milambo', 45726, 457),
('Igombemkulu', 45727, 457),
('Mkindo', 45728, 457),
('Kigoma', 47101, 471),
('Bangwe', 47102, 471),
('Mwanga Kaskazini', 47103, 471),
('Mwanga Kusini', 47104, 471),
('Gungu', 47105, 471),
('Buhanda', 47106, 471),
('Kitongoni', 47107, 471),
('Kasingirima', 47108, 471),
('Machinjioni', 47109, 471),
('Majengo', 47110, 471),
('Rubuga', 47111, 471),
('Kasimbu', 47112, 471),
('Kagera', 47113, 471),
('Rusimbi', 47114, 471),
('Katubuka', 47115, 471),
('Kibirizi', 47116, 471),
('Buzebazeba', 47117, 471),
('Kipampa', 47118, 471),
('Businde', 47119, 471),
('Mahembe', 47201, 472),
('Bitale', 47202, 472),
('Mkongoro', 47203, 472),
('Matendo', 47204, 472),
('Mkigo', 47205, 472),
('Kalinzi', 47206, 472),
('Kagunga', 47207, 472),
('Mwamgongo', 47208, 472),
('Kagongo', 47209, 472),
('Mungonya', 47210, 472),
('Mwandiga', 47211, 472),
('Nkungwe', 47212, 472),
('Kidahwe', 47213, 472),
('Nyarubanda', 47214, 472),
('Ziwani', 47215, 472),
('Simbo', 47216, 472),
('Kwaga', 47302, 473),
('Rusesa', 47303, 473),
('Muzye', 47304, 473),
('Rungwe Mpya', 47305, 473),
('Murufiti', 47306, 473),
('Msambara', 47307, 473),
('Kigondo', 47308, 473),
('Ruhita', 47309, 473),
('Titye', 47310, 473),
('Nyamunyusi', 47311, 473),
('Buhoro', 47312, 473),
('Nyakitonto', 47313, 473),
('Kitagata', 47314, 473),
('Kagera Nkanda', 47315, 473),
('Nyamidaho', 47316, 473),
('Heru Ushingo', 47317, 473),
('Kitanga', 47318, 473),
('Muhunga', 47319, 473),
('Bugaga', 47320, 473),
('Kigembe', 47321, 473),
('Nyumbigwa', 47322, 473),
('Asante Nyerere', 47323, 473),
('Kurugongo', 47324, 473),
('Shunguliba', 47325, 473),
('Nyachenda', 47326, 473),
('Muganza', 47327, 473),
('Kumnyika', 47328, 473),
('Kumsenga', 47329, 473),
('Murubona', 47330, 473),
('Murusi', 47331, 473),
('Mwilavya', 47332, 473),
('Nyansha', 47333, 473),
('Heru Juu', 47334, 473),
('Kimobwa', 47335, 473),
('Makere', 47336, 473),
('Kalela', 47337, 473),
('Kibondo  Mjini', 47401, 474),
('Murungu', 47402, 474),
('Misezero', 47403, 474),
('Bunyambo', 47404, 474),
('Rugongwe', 47405, 474),
('Busunzu', 47406, 474),
('Busagara', 47407, 474),
('Mabamba', 47408, 474),
('Kizazi', 47409, 474),
('Kumsenga', 47410, 474),
('Itaba', 47411, 474),
('Nyaruyoba', 47412, 474),
('Kagezi', 47413, 474),
('Mukabuye', 47414, 474),
('Bitale', 47415, 474),
('Kitahana', 47416, 474),
('Rusohoko', 47417, 474),
('Biturana', 47418, 474),
('Kumwambu', 47419, 474),
('Buhigwe', 47501, 475),
('Munzeze', 47502, 475),
('Rusaba', 47503, 475),
('Janda', 47504, 475),
('Munyegera', 47505, 475),
('Muyama', 47508, 475),
('Kajana', 47509, 475),
('Kilelema', 47510, 475),
('Nyamugali', 47511, 475),
('Munanila', 47512, 475),
('Muhinda', 47513, 475),
('Mugera', 47514, 475),
('Biharu', 47515, 475),
('Kibande', 47516, 475),
('Mwayaya', 47517, 475),
('Kinazi', 47518, 475),
('Bukuba', 47519, 475),
('Mkatanga', 47520, 475),
('Mubanga', 47521, 475),
('Kibwigwa', 47522, 475),
('Uvinza', 47601, 476),
('Nguruka', 47602, 476),
('Buhingu', 47603, 476),
('Sigunga', 47604, 476),
('Kalya', 47605, 476),
('Kandaga', 47607, 476),
('Sunuka', 47608, 476),
('Ilagala', 47609, 476),
('Basanza', 47610, 476),
('Itebula', 47611, 476),
('Mganza', 47612, 476),
('Mtegowanoti', 47613, 476),
('Igalula', 47614, 476),
('Herembe', 47615, 476),
('Kazuramimba', 47616, 476),
('Mwakizega', 47617, 476),
('Kakonko', 47701, 477),
('Kasanda', 47702, 477),
('Mugunzu', 47703, 477),
('Gwanumpu', 47704, 477),
('Kiziguzigu', 47705, 477),
('Kasuga', 47706, 477),
('Rugenge', 47707, 477),
('Muhange', 47708, 477),
('Nyabibuye', 47709, 477),
('Katanga', 47710, 477),
('Kanyonza', 47711, 477),
('Gwarama', 47712, 477),
('Nyamtukuza', 47713, 477),
('Kawajense', 50101, 501),
('Ilembo', 50102, 501),
('Misunkumilo', 50103, 501),
('Nsemulwa', 50104, 501),
('Shanwe', 50105, 501),
('Kashaulili', 50106, 501),
('Mpanda Hotel', 50107, 501),
('Makanyagio', 50108, 501),
('Kakese', 50109, 501),
('Majengo', 50110, 501),
('Uwanja wa ndege', 50111, 501),
('Kazima', 50112, 501),
('Mwamkulu', 50113, 501),
('Magamba', 50114, 501),
('Kasokola', 50115, 501),
('NSIMBO', 50116, 501),
('KAPALALA', 50117, 501),
('MTAPENDA', 50118, 501),
('MACHIMBONI', 50119, 501),
('IBINDI', 50120, 501),
('ITENKA', 50121, 501),
('SITALIKE', 50122, 501),
('URWILA', 50123, 501),
('UGALLA', 50124, 501),
('LITAPUNGA', 50125, 501),
('KANOGE', 50126, 501),
('KATUMBA', 50127, 501),
('Karema', 50201, 502),
('Kapalamsenga', 50202, 502),
('Ikola', 50203, 502),
('Katuma', 50204, 502),
('Sibwesa', 50205, 502),
('Mwese', 50206, 502),
('Kabungu', 50207, 502),
('Mpanda Ndogo', 50208, 502),
('Mishamo', 50209, 502),
('Isengule', 50210, 502),
('Kasekese', 50211, 502),
('Mnyagala', 50212, 502),
('Tongwe', 50213, 502),
('Ilangu', 50214, 502),
('Bulamata', 50215, 502),
('Ipwaga', 50216, 502),
('Inyonga', 50301, 503),
('Nsenkwa', 50310, 503),
('Ilela', 50311, 503),
('Utende', 50312, 503),
('Mbede', 50315, 503),
('Mamba', 50316, 503),
('Usevya', 50317, 503),
('Kibaoni', 50318, 503),
('Ikuba', 50319, 503),
('Majimoto', 50320, 503),
('Kasansa', 50321, 503),
('Mwamapuli', 50322, 503),
('Ilunde', 50324, 503),
('Kamsisi', 50325, 503),
('Chamalendi', 50326, 503),
('Mivinjeni', 51101, 511),
('Mshindo', 51102, 511),
('Kitanzini', 51103, 511),
('Makorongoni', 51104, 511),
('Ilala', 51105, 511),
('Kwakilosa', 51106, 511),
('Mlandege', 51107, 511),
('Gangilonga', 51108, 511),
('Kihesa', 51109, 511),
('Mtwivila', 51110, 511),
('Mkwawa', 51111, 511),
('Mwangata', 51112, 511),
('Kitwiru', 51113, 511),
('Ruaha', 51114, 511),
('Nduli', 51115, 511),
('Isakalilo', 51116, 511),
('Mkimbizi', 51117, 511),
('Igumbilo', 51118, 511),
('Kalenga', 51201, 512),
('Maguliwa', 51202, 512),
('Mgama', 51203, 512),
('Mseke', 51204, 512),
('Ulanda', 51205, 512),
('Nzihi', 51206, 512),
('Kiwere', 51207, 512),
('Mlowa', 51208, 512),
('Ilolompya', 51209, 512),
('Kihorogota', 51210, 512),
('Lumuli', 51211, 512),
('Ifunda', 51212, 512),
('Maboga', 51213, 512),
('Wasa', 51214, 512),
('Mahuninga', 51215, 512),
('Itunundu', 51216, 512),
('Izazi', 51217, 512),
('Malengamakali', 51218, 512),
('Idodi', 51219, 512),
('NyangOro', 51220, 512),
('Migoli', 51221, 512),
('Kisinga', 51222, 512),
('Mlenge', 51223, 512),
('Lyamgungwe', 51224, 512),
('Luhota', 51225, 512),
('Kihanga', 51226, 512),
('Masaka', 51227, 512),
('Mboliboli', 51228, 512),
('Irole', 51301, 513),
('Ilula', 51302, 513),
('Uhambingeto', 51303, 513),
('Mtitu', 51304, 513),
('Image', 51305, 513),
('Dabaga', 51306, 513),
('Ukumbi', 51307, 513),
('BomalangOmbe', 51308, 513),
('Idete', 51309, 513),
('Ukwega', 51310, 513),
('Udekwa', 51311, 513),
('Mahenge', 51312, 513),
('Lugalo', 51313, 513),
('Kimala', 51314, 513),
('Ruaha Mbuyuni', 51315, 513),
('NgUruhe', 51316, 513),
('Ihimbo', 51317, 513),
('Masisiwe', 51318, 513),
('Ibumu', 51319, 513),
('NgAngAnge', 51320, 513),
('Nyalumbu', 51321, 513),
('Mlafu', 51322, 513),
('KisingA', 51323, 513),
('Nyanzwa', 51324, 513),
('Boma', 51401, 514),
('SaoHill', 51402, 514),
('Kinyanambo', 51403, 514),
('Isalavanu', 51404, 514),
('Rungemba', 51405, 514),
('Ifwagi', 51406, 514),
('Mtwango', 51407, 514),
('Mninga', 51408, 514),
('Igowole', 51409, 514),
('Nyololo', 51410, 514),
('Bumilayinga', 51411, 514),
('Igombavanu', 51412, 514),
('Sadani', 51413, 514),
('Ikweha', 51414, 514),
('Ihowanza', 51415, 514),
('Malangali', 51416, 514),
('Mbalamaziwa', 51417, 514),
('Idunda', 51418, 514),
('Itandula', 51419, 514),
('Mtambula', 51420, 514),
('Kasanga', 51421, 514),
('Kiyowela', 51422, 514),
('Makungu', 51423, 514),
('Luhunga', 51424, 514),
('Mdabulo', 51425, 514),
('Ihalimba', 51426, 514),
('Kibengu', 51427, 514),
('Mapanda', 51428, 514),
('Ihanu', 51429, 514),
('Mpanga TAZARA', 51430, 514),
('Idete', 51431, 514),
('Maduma', 51432, 514),
('Ikongosi', 51433, 514),
('Changarawe', 51434, 514),
('Wambi', 51435, 514),
('Upendo', 51436, 514),
('Mbalizi Road', 53101, 531),
('Mabatini', 53102, 531),
('Forest', 53103, 531),
('Maanga', 53104, 531),
('Sinde', 53105, 531),
('Isanga', 53106, 531),
('Sisimba', 53107, 531),
('Itiji', 53108, 531),
('Maendeleo', 53109, 531),
('Majengo', 53110, 531),
('Ghana', 53111, 531),
('Nonde', 53112, 531),
('Ilemi', 53113, 531),
('Ruanda', 53114, 531),
('Iyela', 53115, 531),
('Nzovwe', 53116, 531),
('Itende', 53117, 531),
('Kalobe', 53118, 531),
('Iyunga', 53119, 531),
('Iwambi', 53120, 531),
('Ilomba', 53121, 531),
('Mwakibete', 53122, 531),
('Tembela', 53123, 531),
('Mwansanga', 53124, 531),
('Iganzo', 53125, 531),
('Uyole', 53126, 531),
('Isyesye', 53127, 531),
('Itezi', 53128, 531),
('Mwansenkwa', 53129, 531),
('Itagano', 53130, 531),
('Nsoho', 53131, 531),
('Iziwa', 53132, 531),
('Nsalaga', 53133, 531),
('Igawilo', 53134, 531),
('Iganjo', 53135, 531),
('Iduda', 53136, 531),
('Ijombe', 53201, 532),
('Inyala', 53202, 532),
('Tembela', 53203, 532),
('Ulenje', 53204, 532),
('Ilungu', 53205, 532),
('Iyunga Mapinduzi', 53206, 532),
('Iwindi', 53207, 532),
('Utengule /Usongwe', 53208, 532),
('Bonde la Songwe', 53209, 532),
('Isuto', 53210, 532),
('Santilya', 53211, 532),
('Ilembo', 53212, 532),
('Iwiji', 53213, 532),
('Ihango', 53214, 532),
('Ikukwa', 53215, 532),
('Mshewe', 53216, 532),
('Maendeleo', 53217, 532),
('Itewe', 53218, 532),
('Lwanjiro', 53219, 532),
('Nsalala', 53220, 532),
('Swaya', 53222, 532),
('Masoko', 53223, 532),
('Itawa', 53224, 532),
('Igoma', 53225, 532),
('Igale', 53226, 532),
('Mjele', 53227, 532),
('Shizuvi', 53228, 532),
('Izyra', 53229, 532),
('Bulyaga', 53501, 535),
('Bagamoyo', 53502, 535),
('Makandana', 53503, 535),
('Msasani', 53504, 535),
('Kawetele', 53505, 535),
('Itagata', 53506, 535),
('Ibigi', 53507, 535),
('Kyimo', 53509, 535),
('Suma', 53510, 535),
('Masoko', 53511, 535),
('Mpuguso', 53512, 535),
('Malindo', 53513, 535),
('Lufingo', 53514, 535),
('Kiwira', 53515, 535),
('Nkunga', 53516, 535),
('Ikuti', 53517, 535),
('Kisondela', 53518, 535),
('Ilima', 53519, 535),
('Bujela', 53520, 535),
('Masukulu', 53521, 535),
('Kisiba', 53522, 535),
('Kabula', 53523, 535),
('Lupata', 53524, 535),
('Kambasegela', 53525, 535),
('Kisegese', 53526, 535),
('Itete', 53527, 535),
('Lufilyo', 53528, 535),
('Lwangwa', 53529, 535),
('Mpombo', 53530, 535),
('Isange', 53531, 535),
('Kandete', 53532, 535),
('Luteba', 53533, 535),
('Isongole', 53534, 535),
('Kinyala', 53535, 535),
('Matwebe', 53536, 535),
('Masebe', 53537, 535),
('Swaya', 53538, 535),
('Iponjola', 53539, 535),
('Lupepo', 53540, 535),
('Ndanto', 53541, 535),
('Ntaba', 53542, 535),
('Mpata', 53543, 535),
('Rujewa', 53601, 536),
('Ubaruku', 53602, 536),
('Mapogoro', 53603, 536),
('Mawindi', 53604, 536),
('Chimala', 53605, 536),
('Igurusi', 53606, 536),
('Utengule Usangu', 53607, 536),
('Mahongole', 53608, 536),
('Ruiwa', 53609, 536),
('Madibira', 53610, 536),
('Imalilo Songwe', 53611, 536),
('Ipwani', 53612, 536),
('Igava', 53613, 536),
('Miyombweni', 53614, 536),
('Ihahi', 53615, 536),
('Itamboleo', 53616, 536),
('Mwatenga', 53617, 536),
('Luhanga', 53618, 536),
('Kongolo', 53619, 536),
('Lugelele', 53620, 536),
('Kyela', 53701, 537),
('Mwaya', 53702, 537),
('Kajunjumele', 53703, 537),
('Ikolo', 53704, 537),
('Bujonde', 53705, 537),
('Ngonga', 53706, 537),
('Katumbasongwe', 53707, 537),
('Ngana', 53708, 537),
('Busale', 53709, 537),
('Ipande', 53710, 537),
('Ipinda', 53711, 537),
('Muungano', 53712, 537),
('Lusungo', 53713, 537),
('Makwale', 53714, 537),
('Matema', 53715, 537),
('Ikama', 53716, 537),
('Ndobo', 53717, 537),
('Itope', 53718, 537),
('Ikimba', 53719, 537),
('Talatala', 53720, 537),
('Nkokwa', 53721, 537),
('Mababu', 53722, 537),
('Mikoroshoni', 53723, 537),
('Mbugani', 53724, 537),
('Mwanganyanga', 53725, 537),
('Serengeti', 53726, 537),
('Itunge', 53727, 537),
('Nkuyu', 53728, 537),
('Ndandalo', 53729, 537),
('Ipyana', 53730, 537),
('Bondeni', 53731, 537),
('Ibanda', 53732, 537),
('Chokaa', 53801, 538),
('Itewe', 53802, 538),
('Mbugani', 53803, 538),
('Chalangwa', 53804, 538),
('Ifumbo', 53805, 538),
('Mkola', 53807, 538),
('Matundasi', 53809, 538),
('Makongolosi', 53810, 538),
('Mamba', 53811, 538),
('Lupa', 53819, 538),
('Mtanila', 53820, 538),
('Matwiga', 53821, 538),
('Lualaje', 53822, 538),
('Mafyeko', 53823, 538),
('Kambikatoto', 53825, 538),
('Sangambi', 53826, 538),
('Kasanga', 53832, 538),
('Upendo', 53833, 538),
('Nkung?ungu', 53834, 538),
('Bwawani', 53837, 538),
('Gua', 54101, 541),
('Ngwala', 54102, 541),
('Kapalala', 54103, 541),
('Mbangala', 54104, 541),
('Saza', 54105, 541),
('Mkwajuni', 54106, 541),
('Mwambani', 54107, 541),
('Totowe', 54108, 541),
('Mpona', 54109, 541),
('Namkukwe', 54110, 541),
('Manda', 54111, 541),
('Magamba', 54112, 541),
('Galula', 54113, 541),
('Mbuyuni', 54114, 541),
('ChangOmbe', 54115, 541),
('Kanga', 54116, 541),
('Ifwenkenya', 54117, 541),
('Vwawa', 54201, 542),
('Mlowo', 54202, 542),
('Igamba', 54203, 542),
('Msia', 54204, 542),
('Ihanda', 54205, 542),
('Isandula', 54206, 542),
('Nyimbili', 54207, 542),
('Halungu', 54208, 542),
('Mlangali', 54209, 542),
('Iyula', 54210, 542),
('Myovizi', 54211, 542),
('Ruanda', 54212, 542),
('Itaka', 54213, 542),
('Nambinzo', 54214, 542),
('Nanyala', 54215, 542),
('Ipunga', 54216, 542),
('Bara', 54217, 542),
('Ilolo', 54218, 542),
('Ichenjezya', 54219, 542),
('Hasanga', 54220, 542),
('Hasamba', 54221, 542),
('Isansa', 54222, 542),
('Shiwinga', 54223, 542),
('Itumpi', 54224, 542),
('Kilimampimbi', 54225, 542),
('Wasa', 54226, 542),
('Hezya', 54227, 542),
('Magamba', 54228, 542),
('Idiwili', 54229, 542),
('Itumba', 54301, 543),
('Isongole', 54302, 543),
('Ndola', 54303, 543),
('Bupigu', 54304, 543),
('Chitete', 54305, 543),
('Mbebe', 54306, 543),
('Itale', 54307, 543),
('Ibaba', 54308, 543),
('Malangali', 54309, 543),
('Kafule', 54310, 543),
('Ikinga', 54311, 543),
('Sange', 54312, 543),
('Lubanda', 54313, 543),
('Ngulugulu', 54314, 543),
('Luswisi', 54315, 543),
('Ngulilo', 54316, 543),
('Mlale', 54317, 543),
('Kalembo', 54318, 543),
('Tunduma', 54401, 544),
('Chiwezi', 54402, 544),
('Nkangamo', 54403, 544),
('Ndalambo', 54404, 544),
('Msangano', 54405, 544),
('Chitete', 54406, 544),
('Ivuna', 54407, 544),
('Kamsamba', 54408, 544),
('Chilulumo', 54409, 544),
('Myunga', 54410, 544),
('Kapele', 54411, 544),
('Mkulwe', 54412, 544),
('Mpapa', 54413, 544),
('Nzoka', 54414, 544),
('Ikana', 54415, 544),
('Mkomba', 54416, 544),
('Majengo', 54417, 544),
('Mpande', 54418, 544),
('Chapwa', 54419, 544),
('Maporomoko', 54420, 544),
('Kaloleni', 54421, 544),
('Sogea', 54422, 544),
('Makambini', 54423, 544),
('Katete', 54424, 544),
('Mpemba', 54425, 544),
('Muungano', 54426, 544),
('Mwakakati', 54427, 544),
('Chipaka', 54428, 544),
('Uwanjani', 54429, 544),
('Sumbawanga', 55101, 551),
('Izia', 55102, 551),
('Katandala', 55103, 551),
('Malangali', 55104, 551),
('Kizwite', 55105, 551),
('Mazwi', 55106, 551),
('Majengo', 55107, 551),
('Chanji', 55108, 551),
('Ntendo', 55109, 551),
('Senga', 55110, 551),
('Milanzi', 55111, 551),
('Kasense', 55112, 551),
('Mollo', 55113, 551),
('Matanga', 55114, 551),
('Pito', 55115, 551),
('Mafulala', 55116, 551),
('Msua', 55117, 551),
('Momoka', 55118, 551),
('Lwiche', 55119, 551),
('Laela', 55201, 552),
('Kaengesa', 55202, 552),
('Mpui', 55203, 552),
('Sandulula', 55204, 552),
('Kalambanzite', 55205, 552),
('Milepa', 55206, 552),
('Mtowisa', 55207, 552),
('Muze', 55208, 552),
('Lusaka', 55209, 552),
('Kipeta', 55210, 552),
('Kaoze', 55211, 552),
('Miangalua', 55212, 552),
('Ilemba', 55213, 552),
('Nankanga', 55214, 552),
('Kapenta', 55215, 552),
('Kilangawana', 55216, 552),
('Zimba', 55217, 552),
('Kalumbaleza', 55218, 552),
('Mfinga', 55219, 552),
('Mwadui', 55220, 552),
('Ikozi', 55221, 552),
('Mpwapwa', 55222, 552),
('Lyangalile', 55223, 552),
('Kanda', 55224, 552),
('Msanda Muungano', 55225, 552),
('Kasanzama', 55226, 552),
('Mnokola', 55227, 552),
('Namanyere', 55301, 553),
('Nkomolo', 55302, 553),
('ISALE', 55303, 553),
('Kipande', 55304, 553),
('Chala', 55305, 553),
('Mtenga', 55307, 553),
('Kabwe', 55308, 553),
('Kirando', 55309, 553),
('Ninde', 55310, 553),
('Kate', 55311, 553),
('Sintali', 55312, 553),
('Wampembe', 55313, 553),
('Kala', 55314, 553),
('Nkandasi', 55315, 553),
('Kipili', 55316, 553),
('Korongwe', 55317, 553),
('Mkwamba', 55318, 553),
('Myula', 55319, 553),
('Kizumbi', 55320, 553),
('Mkinga', 55321, 553),
('Majengo', 55322, 553),
('Isunta', 55323, 553),
('Kipindu', 55324, 553),
('Ntatumbila', 55325, 553),
('Mashete', 55326, 553),
('Paramawe', 55327, 553),
('Isale Asilia', 55328, 553),
('Itete', 55329, 553),
('Matai', 55401, 554),
('Mkali', 55402, 554),
('Mnamba', 55403, 554),
('Msanzi', 55404, 554),
('Mkowe', 55405, 554),
('Kasanga', 55406, 554),
('Katazi', 55408, 554),
('Mwazye', 55409, 554),
('Mwimbi', 55410, 554),
('Mambwe Nkoswe', 55411, 554),
('SOPA', 55412, 554),
('MAMBWE KENYA', 55413, 554),
('Legezamwendo', 55414, 554),
('KATETE', 55415, 554),
('KISUMBA', 55416, 554),
('ULUMI', 55417, 554),
('Samazi', 55418, 554),
('Mpombwe', 55419, 554),
('Lyowa', 55420, 554),
('Mbuluma', 55421, 554),
('Sundu', 55422, 554),
('Kanyezi', 55423, 554),
('Kilesha', 55424, 554),
('Mjini', 57101, 571),
('Misufini', 57102, 571),
('Mfaranyaki', 57103, 571),
('Majengo', 57104, 571),
('Matarawe', 57105, 571),
('Lizaboni', 57106, 571),
('Ruvuma', 57107, 571),
('Bombambili', 57108, 571),
('Mashangano', 57109, 571),
('Ruhuwiko', 57110, 571),
('Subira', 57111, 571),
('Matogoro', 57112, 571),
('Mletele', 57113, 571),
('Tanga', 57114, 571),
('Lilambo', 57115, 571),
('Ndilimalitembo', 57116, 571),
('Msamala', 57117, 571),
('Seedfarm', 57118, 571),
('Mateka', 57119, 571),
('Mwengemshindo', 57120, 571),
('Mjimwema', 57121, 571),
('Maposeni', 57201, 572),
('Matimila', 57202, 572),
('Mpitimbi', 57203, 572),
('Ndongosi', 57204, 572),
('Magagula', 57205, 572),
('Litisha', 57206, 572),
('Kilagano', 57207, 572),
('Gumbiro', 57208, 572),
('Mahanje', 57209, 572),
('Wino', 57210, 572),
('Matumbi', 57211, 572),
('Muhukuru', 57212, 572),
('Peramiho', 57213, 572),
('Mpandangindo', 57214, 572),
('Mbinga Mhalule', 57215, 572),
('Mkongotema', 57216, 572),
('Mtyangimbole', 57217, 572),
('Parangu', 57224, 572),
('Liganga', 57225, 572),
('Lilahi', 57226, 572),
('Kizuka', 57228, 572),
('Litapwasi', 57229, 572),
('Mateteleka', 57230, 572),
('Namtumbo', 57301, 573),
('Mchomoro', 57302, 573),
('Luchili', 57303, 573),
('Ligera', 57304, 573),
('Lusewa', 57305, 573),
('Magazini', 57306, 573),
('Rwinga', 57307, 573),
('Namabengo', 57308, 573),
('Mkongo', 57309, 573),
('Luegu', 57310, 573),
('Msindo', 57311, 573),
('Kitanda', 57312, 573),
('Mgombasi', 57313, 573),
('Litola', 57314, 573),
('Likuyuseka', 57315, 573),
('Mputa', 57316, 573),
('Limamu', 57317, 573),
('Hanga', 57318, 573),
('Mkongo Gulioni', 57319, 573),
('Lisimonji', 57320, 573),
('Msisima', 57321, 573),
('Mbinga Mjini', 57401, 574),
('Kilimani', 57402, 574),
('Utiri', 57403, 574),
('Myangayanga', 57404, 574),
('Mkumbi', 57405, 574),
('Ngima', 57406, 574),
('Litembo', 57407, 574),
('Mbuji', 57408, 574),
('Nyoni', 57409, 574),
('Mbangamao', 57410, 574),
('Mpepai', 57411, 574),
('Kingonsera', 57412, 574),
('Kihangi Mahuka', 57413, 574),
('Linda', 57414, 574),
('Matiri', 57415, 574),
('Ukata', 57416, 574),
('Kitura', 57417, 574),
('Langiro', 57418, 574),
('Maguu', 57419, 574),
('Mikalanga', 57420, 574),
('Mpapa', 57421, 574),
('Ruanda', 57422, 574),
('Litumbandyosi', 57423, 574),
('Kikolo', 57424, 574),
('Kihungu', 57425, 574),
('Kitanda', 57426, 574),
('Mkako', 57427, 574),
('Kitumbalomo', 57428, 574),
('Luwaita', 57429, 574),
('Kipololo', 57430, 574),
('Kambarage', 57431, 574),
('Mapera', 57432, 574),
('Kipapa', 57433, 574),
('Namswea', 57434, 574),
('Wukiro', 57435, 574),
('Mateka', 57436, 574),
('Mhongozi', 57437, 574),
('Amani  Makolo', 57438, 574),
('Lukarasi', 57439, 574),
('Kagugu', 57440, 574),
('Muungano', 57441, 574),
('Mbambi', 57442, 574),
('Lusonga', 57443, 574),
('Matarawe', 57444, 574),
('Masumuni', 57445, 574),
('Mbinga Mjini B', 57446, 574),
('Luhuwiko', 57447, 574),
('Betrehemu', 57448, 574),
('Mbambabay', 57501, 575),
('Lipingo', 57502, 575),
('Kilosa', 57503, 575),
('Mtipwili', 57504, 575),
('Kingerikiti', 57505, 575),
('Tingi', 57506, 575),
('Liparamba', 57507, 575),
('Luhangarasi', 57508, 575),
('Liuli', 57509, 575),
('Kihagara', 57510, 575),
('Chiwanda', 57511, 575),
('Ngumbo', 57512, 575),
('Mbaha', 57513, 575),
('Lituhi', 57514, 575),
('Liwundi', 57515, 575),
('Mipotopoto', 57516, 575),
('Upolo', 57517, 575),
('Mpepo', 57518, 575),
('Lumeme', 57519, 575),
('Linga', 57520, 575),
('Mlingoti Mashariki', 57601, 576),
('Mlingotini Magharibi', 57602, 576),
('Tuwemacho', 57603, 576),
('Namasakata', 57604, 576),
('Ligoma', 57605, 576),
('Muhuwesi', 57606, 576),
('Nandembo', 57607, 576),
('Ligunga', 57608, 576),
('Kidodoma', 57609, 576),
('Mtina', 57610, 576),
('Mchesi', 57611, 576),
('Mbesa', 57612, 576),
('Marumba', 57613, 576),
('Mchoteka', 57614, 576),
('Nalasi Magharibi', 57615, 576),
('Lukumbule', 57616, 576),
('Misechela', 57617, 576),
('Mindu', 57618, 576),
('Ngapa', 57619, 576),
('Nakapanya', 57620, 576),
('Kalulu', 57621, 576),
('Matemanga', 57622, 576),
('Nampungu', 57623, 576),
('Namwinyu', 57624, 576),
('Masonya', 57625, 576),
('Sisi kwa sisi', 57626, 576),
('Mchangani', 57627, 576),
('Nanjoka', 57628, 576),
('Majengo', 57629, 576),
('Nakayaya', 57630, 576),
('Mbati', 57631, 576),
('Namiungo', 57632, 576),
('Jakika', 57633, 576),
('Mchuluka', 57634, 576),
('Nalasi Mashariki', 57635, 576),
('Chiwana', 57636, 576),
('Namakambale', 57637, 576),
('Majimaji', 57638, 576),
('Tinginya', 57639, 576),
('Lituta', 57731, 577),
('Njombe Mjini', 59101, 591),
('Luponde', 59102, 591),
('Uwemba', 59103, 591),
('Kifanya', 59104, 591),
('Yakobi', 59105, 591),
('Iwungilo', 59106, 591),
('Ramadhani', 59107, 591),
('Mji Mwema', 59108, 591),
('Ihanga', 59109, 591),
('Utalingoro', 59110, 591),
('Lugenge', 59111, 591),
('Makowo', 59112, 591),
('Makambako', 59113, 591),
('Mjimwema', 59114, 591),
('Mlowa', 59115, 591),
('Lyamkena', 59116, 591),
('Mwembetogwa', 59117, 591),
('Matola', 59118, 591),
('Maguvani', 59119, 591),
('Majengo', 59120, 591),
('Kitisi', 59121, 591),
('Kivavi', 59122, 591),
('Kitandililo', 59123, 591),
('Mahongole', 59124, 591),
('Utengule', 59125, 591),
('Ikondo', 59201, 592),
('Kidegembye', 59202, 592),
('Lupembe', 59203, 592),
('Matembwe', 59204, 592),
('Idamba', 59205, 592),
('Mfriga', 59206, 592),
('Ikuna', 59207, 592),
('Ninga', 59208, 592),
('Igongolo', 59209, 592),
('Mtwango', 59210, 592),
('Ukalawa', 59215, 592),
('Kichiwa', 59216, 592),
('Mdandu', 59301, 593),
('Igima', 59302, 593),
('Usuka', 59303, 593),
('Luduga', 59304, 593),
('Ilembula', 59305, 593),
('Uhambule', 59306, 593),
('WangingOmbe', 59307, 593),
('Kijombe', 59308, 593),
('Saja', 59309, 593),
('Igosi', 59310, 593),
('Wangama', 59311, 593),
('Kidugala', 59312, 593),
('Ulembwe', 59313, 593),
('Kipengele', 59314, 593),
('Makoga', 59315, 593),
('Imalinyi', 59316, 593),
('Itulahumba', 59317, 593),
('Igwachanya', 59318, 593),
('Uhenga', 59319, 593),
('Udonja', 59320, 593),
('Malangali', 59321, 593),
('Ludewa', 59401, 594),
('Luana', 59402, 594),
('Mawengi', 59403, 594),
('Makonde', 59404, 594),
('Lupingu', 59405, 594),
('Lumbila', 59406, 594),
('Kilondo', 59407, 594),
('Lifuma', 59408, 594),
('Ludende', 59409, 594),
('Milo', 59410, 594),
('Mlangali', 59411, 594),
('Lupanga', 59412, 594),
('Madope', 59413, 594),
('Madilu', 59414, 594),
('Mundindi', 59415, 594),
('Mavanga', 59416, 594),
('Ibumi', 59417, 594),
('Lugarawa', 59418, 594),
('Mkongobaki', 59419, 594),
('NkomangOmbe', 59420, 594),
('Luilo', 59421, 594),
('Masasi', 59422, 594),
('Manda', 59423, 594),
('Ruhuhu', 59424, 594),
('Iwela', 59425, 594),
('Lubonde', 59426, 594),
('Iwawa', 59501, 595),
('MangOto', 59502, 595),
('Lupalilo', 59503, 595),
('Ukwama', 59504, 595),
('Isapulano', 59505, 595),
('Tandala', 59506, 595),
('Ikuwo', 59507, 595),
('Mfumbi', 59508, 595),
('Kigala', 59509, 595),
('Matamba', 59510, 595),
('Kitulo', 59511, 595),
('Mlondwe', 59512, 595),
('Itundu', 59513, 595),
('Bulongwa', 59514, 595),
('Luwumbu', 59515, 595),
('Kapagalo', 59516, 595),
('Ipepo', 59517, 595),
('Lupila', 59518, 595),
('Mbalatse', 59519, 595),
('Ipelele', 59520, 595),
('Kigulu', 59521, 595),
('Iniho', 59522, 595),
('Kinyika', 59523, 595),
('TUMBI', 61101, 611),
('MAILIMOJA', 61102, 611),
('PANGANI', 61103, 611),
('PICHA YA NDEGE', 61104, 611),
('MKUZA', 61105, 611),
('MSANGANI', 61106, 611),
('KIBAHA', 61107, 611),
('KONGOWE', 61108, 611),
('MISUGUSUGU', 61109, 611),
('VISIGA', 61110, 611),
('MBWAWA', 61111, 611),
('Tangini', 61112, 611),
('Sofu', 61113, 611),
('Viziwa ziwa', 61114, 611),
('MLANDIZI', 61201, 612),
('KILANGALANGA', 61202, 612),
('JANGA', 61203, 612),
('KIKONGO', 61204, 612),
('RUVU', 61205, 612),
('SOGA', 61206, 612),
('BOKOMNEMELA', 61207, 612),
('KWALA', 61208, 612),
('DUTUMI', 61209, 612),
('GWATA', 61210, 612),
('MAGINDU', 61211, 612),
('Mtambani', 61212, 612),
('Mtongani', 61213, 612),
('Kawawa', 61214, 612),
('DUNDA', 61301, 613),
('MAGOMENI', 61302, 613),
('KIROMO', 61303, 613),
('ZINGA', 61304, 613),
('KEREGE', 61305, 613),
('YOMBO', 61306, 613),
('FUKAYOSI', 61307, 613),
('VIGWAZA', 61308, 613),
('KIWANGWA', 61309, 613),
('MSATA', 61310, 613),
('LUGOBA', 61311, 613),
('MSOGA', 61312, 613),
('TALAWANDA', 61313, 613),
('PERA', 61314, 613),
('BWILINGU', 61315, 613),
('UBENAZOMOZI', 61316, 613),
('MANDERA', 61317, 613),
('KIMANGE', 61318, 613),
('MBWEWE', 61319, 613),
('KIBINDU', 61320, 613),
('MIONO', 61321, 613),
('MKANGE', 61322, 613),
('Mapinga', 61323, 613),
('Nia Njema', 61324, 613),
('Kisutu', 61325, 613),
('Makurunge', 61326, 613),
('KISARAWE', 61401, 614),
('KILUVYA', 61402, 614),
('MASAKI', 61403, 614),
('MSIMBU', 61404, 614),
('MZENGA', 61405, 614),
('VIHINGO', 61406, 614),
('KURUI', 61407, 614),
('MARUI', 61408, 614),
('MAFIZI', 61409, 614),
('MARUMBO', 61410, 614),
('MSANGA', 61411, 614),
('MANEROMANGO', 61412, 614),
('KIBUTA', 61413, 614),
('CHOLE', 61414, 614),
('VIKUMBURU', 61415, 614),
('Boga', 61416, 614),
('Kazimzumbwi', 61417, 614),
('MKURANGA', 61501, 615),
('KIPARANGANDA', 61502, 615),
('MBEZI', 61503, 615),
('TAMBANI', 61504, 615),
('BUPU', 61505, 615),
('VIKINDU', 61506, 615),
('MWARUSEMBE', 61507, 615),
('SHUNGUBWENI', 61508, 615),
('KITOMONDO', 61509, 615),
('NJIANNE', 61510, 615),
('VIANZI', 61511, 615),
('KIMANZICHANA', 61512, 615),
('KISIJU', 61513, 615),
('MKAMBA', 61514, 615),
('PANZUO', 61515, 615),
('NYAMATO', 61516, 615),
('LUKANGA', 61517, 615),
('MAGAWA', 61518, 615),
('Dondo', 61519, 615),
('Msonga', 61520, 615),
('Kisegesege', 61521, 615),
('Beta', 61522, 615),
('Tengelea', 61523, 615),
('Mwandege', 61524, 615),
('Mipeko', 61525, 615),
('UTETE', 61601, 616),
('CHEMCHEM', 61602, 616),
('NGARAMBE', 61603, 616),
('MKONGO', 61604, 616),
('MBWARA', 61605, 616),
('CHUMBI', 61606, 616),
('IKWIRIRI', 61607, 616),
('UMWE', 61608, 616),
('MGOMBA', 61609, 616),
('BUNGU', 61617, 616),
('NGORONGO', 61625, 616),
('MWASENI', 61626, 616),
('Kipugira', 61628, 616),
('Mohoro', 61629, 616),
('KILINDONI', 61701, 617),
('KIEGEANI', 61702, 617),
('MIBURANI', 61703, 617),
('NDAGONI', 61704, 617),
('JIBONDO', 61705, 617),
('BALENI', 61706, 617),
('KIRONGWE', 61707, 617),
('KANGA', 61708, 617),
('SALALE', 61801, 618),
('KIONGORONI', 61802, 618),
('MAPARONI', 61803, 618),
('MBUCHI', 61804, 618),
('MSALA', 61805, 618),
('MLANZI', 61806, 618),
('MAHEGE', 61807, 618),
('MCHUKWI', 61808, 618),
('MJAWA', 61809, 618),
('MTUNDA', 61810, 618),
('MWAMBAO', 61811, 618),
('RUARUKE', 61812, 618),
('KIBITI', 61813, 618),
('MTAWANYA', 61814, 618),
('DIMANI', 61815, 618),
('RELI', 63101, 631),
('LIKOMBE', 63102, 631),
('VIGAENI', 63103, 631),
('SHANGANI', 63104, 631),
('CHIKONGOLA', 63105, 631),
('MAJENGO', 63106, 631),
('CHUNO', 63107, 631),
('UFUKONI', 63108, 631),
('MITENGO', 63109, 631),
('MAGENGENI', 63110, 631),
('MTONYA', 63111, 631),
('KISUNGULE', 63112, 631),
('JANGWANI', 63113, 631),
('RAHALEO', 63114, 631),
('NALIENDELE', 63115, 631),
('MAGOMENI', 63116, 631),
('MTAWANYA', 63117, 631),
('TANDIKA', 63118, 631),
('ZIWANI', 63201, 632),
('MADIMBA', 63202, 632),
('MAHURUNGA', 63203, 632),
('NANGURUWE', 63204, 632),
('MAYANGA', 63205, 632),
('NAUMBU', 63206, 632),
('NDUMBWE', 63207, 632),
('DIHIMBA', 63208, 632),
('MTINIKO', 63209, 632),
('CHAWI', 63210, 632),
('KITAYA', 63211, 632),
('KIROMBA', 63212, 632),
('NANYAMBA', 63213, 632),
('NAMTUMBUKA', 63214, 632),
('NJENGWA', 63215, 632),
('NITEKELA', 63216, 632),
('MNIMA', 63217, 632),
('KITERE', 63218, 632),
('MSANGA MKUU', 63219, 632),
('MBAWALA', 63220, 632),
('KIANGA', 63221, 632),
('TANGAZO', 63222, 632),
('MUUNGANO', 63223, 632),
('LIBOBE', 63224, 632),
('MPAPURA', 63225, 632),
('MBEMBALEO', 63226, 632),
('MTIMBWILIMBWI', 63227, 632),
('MILANGO MINNE', 63228, 632),
('DINYECHA', 63229, 632),
('NYUNDO', 63230, 632),
('MNONGODI', 63231, 632),
('HINJU', 63232, 632),
('Msimbati', 63233, 632),
('Nalingu', 63234, 632),
('Moma', 63235, 632),
('Lipwidi', 63236, 632),
('Mangopachanne', 63237, 632),
('Mkunwa', 63238, 632),
('TANDAHIMBA', 63301, 633),
('KITAMA 1', 63302, 633),
('LYENJE', 63303, 633),
('MILONGODI', 63304, 633),
('NANHYANGA', 63305, 633),
('NAMIKUPA', 63306, 633),
('NAPUTA', 63307, 633),
('MKOREHA', 63308, 633),
('MIHAMBWE', 63309, 633),
('MICHENJELE', 63310, 633),
('MAUNDO', 63311, 633),
('MNYAWA', 63312, 633),
('LUKOKODA', 63313, 633),
('MKUNDI', 63314, 633),
('MAHUTA', 63315, 633),
('CHINGUNGWE', 63316, 633),
('MDIMBA MNYOMA', 63317, 633),
('CHAUME', 63318, 633),
('MKONJOWANO', 63319, 633),
('LUAGALA', 63320, 633),
('NGUNJA', 63321, 633),
('MKWITI', 63322, 633),
('MCHICHIRA', 63323, 633),
('LITEHU', 63324, 633),
('NAMBAHU', 63325, 633),
('MIUTA', 63326, 633),
('KWANYAMA', 63327, 633),
('DINDUMA', 63328, 633),
('CHIKONGOLA', 63329, 633),
('MNDUMBWE', 63330, 633),
('MALOPOKELO', 63331, 633),
('Mkwedu', 63332, 633),
('LUCHINGU', 63401, 634),
('MKUNYA', 63402, 634),
('NANGURUWE', 63403, 634),
('MCHOLI  I', 63404, 634),
('MAKOTE', 63405, 634),
('Mcholi II', 63406, 634),
('MNEKACHI', 63407, 634),
('Namiyonga', 63408, 634),
('Mkwedu', 63409, 634),
('Makukwe', 63410, 634),
('Mchemo', 63411, 634),
('Malatu', 63412, 634),
('CHITEKETE', 63413, 634),
('Mnyambe', 63414, 634),
('Maputi', 63415, 634),
('Kitangari', 63416, 634),
('Mtopwa', 63417, 634),
('Chiwonga', 63418, 634),
('Mkoma II', 63419, 634),
('Chilangala', 63420, 634),
('Mdimba Mpelempele', 63421, 634),
('Mtonya', 63422, 634),
('Nakahako', 63423, 634),
('Makonga', 63424, 634),
('Mtunguru', 63425, 634),
('Chihangu', 63426, 634),
('Nambali', 63427, 634),
('Nandwahi', 63428, 634),
('Mpwapwa', 63429, 634),
('Mnyeu', 63430, 634),
('Mikumbi', 63431, 634),
('Julia', 63432, 634),
('Nangwala', 63433, 634),
('Tulindane', 63434, 634),
('MkulungUlu', 63435, 634),
('Mahumbika', 63436, 634),
('Mtumachi', 63437, 634),
('Muungano', 63438, 634),
('MKUTI', 63501, 635),
('MARIKA', 63502, 635),
('LUKULEDI', 63505, 635),
('NAMAJANI', 63506, 635),
('NAMATUTWE', 63507, 635),
('CHIGUGU', 63508, 635),
('CHIWATA', 63509, 635),
('MKUNDI', 63510, 635),
('NANJOTA', 63511, 635),
('MKULULU', 63512, 635),
('CHIUNGUTWA', 63513, 635),
('MBUYUNI', 63514, 635),
('LULINDI', 63515, 635),
('NAMALENGA', 63516, 635),
('LIPUMBURU', 63517, 635),
('SINDANO', 63518, 635),
('MCHAURU', 63519, 635),
('MNAVIRA', 63520, 635),
('MWENA', 63521, 635),
('NANGANGA', 63522, 635),
('JIDA', 63523, 635),
('MKOMAINDO', 63524, 635),
('MIGONGO', 63525, 635),
('MTANDI', 63526, 635),
('NYASA', 63527, 635),
('TEMEKE', 63528, 635),
('MWENGE MTAPIKA', 63529, 635),
('CHIWALE', 63530, 635),
('MPANYANI', 63531, 635),
('MLINGULA', 63532, 635),
('SULULU', 63533, 635),
('CHIKOROPORA', 63534, 635),
('MATAWALE', 63535, 635),
('MITESA', 63536, 635),
('MAKONGONDA', 63537, 635),
('MPETA', 63538, 635),
('LUPASO', 63539, 635),
('MJELEJELE', 63540, 635),
('CHIKUKWE', 63541, 635),
('NANGOO', 63542, 635),
('CHIKUNDI', 63543, 635),
('NDANDA', 63544, 635),
('MPINDIMBI', 63545, 635),
('MSIKISI', 63546, 635),
('Chanikanguo', 63547, 635),
('Napupa', 63548, 635),
('Mumbaka', 63549, 635),
('CHIKUNJA', 63550, 635),
('NANGOMBA', 63601, 636),
('MIKANGAULA', 63602, 636),
('MARATANI', 63603, 636),
('NANYUMBU', 63604, 636),
('CHIPUPUTA', 63605, 636),
('NAKOPI', 63606, 636),
('LIKOKONA', 63607, 636),
('SENGENYA', 63608, 636),
('LUMESULE', 63609, 636),
('MASUGURU', 63610, 636),
('MKONONA', 63611, 636),
('NANDETE', 63612, 636),
('MANGAKA', 63613, 636),
('MNANJE', 63614, 636),
('KAMUNDI', 63615, 636),
('KILIMANIHEWA', 63616, 636),
('Michiga', 63617, 636),
('Makonde', 65101, 651),
('Msinjahili', 65102, 651),
('Ndoro', 65103, 651),
('Mikumbi', 65104, 651),
('Mitandi', 65105, 651),
('Rahaleo', 65106, 651),
('Mwenge', 65107, 651),
('Matopeni', 65108, 651),
('Wailesi', 65109, 651),
('Nachingwea', 65110, 651),
('Rasbura', 65111, 651),
('Mtanda', 65112, 651),
('Jamhuri', 65113, 651),
('Mingoyo', 65114, 651),
('NgApa', 65115, 651),
('Tandangongoro', 65116, 651),
('Chikonji', 65117, 651),
('Mbanja', 65118, 651),
('Kitumbikwela', 65119, 651),
('Mnazimmoja', 65120, 651),
('Nachunyu', 65201, 652),
('Sudi', 65202, 652),
('Mnolela', 65203, 652),
('Kiwalala', 65204, 652),
('Mchinga', 65205, 652),
('Matimba', 65206, 652),
('Nangaru', 65207, 652),
('Rutamba', 65208, 652),
('Chiponda', 65209, 652),
('Mtua', 65210, 652),
('Nyangamara', 65211, 652),
('Mandwanga', 65212, 652),
('Nahukahuka', 65213, 652),
('Nyengedi', 65214, 652),
('Mtama', 65215, 652),
('Nyangao', 65216, 652),
('Namupa', 65217, 652),
('Mnara', 65218, 652),
('Milola', 65219, 652),
('Kiwawa', 65220, 652),
('Mipingo', 65221, 652),
('Kitomanga', 65222, 652),
('Kilola Mbwani', 65223, 652),
('Kilangala', 65224, 652),
('Pangatena', 65225, 652),
('Navanga', 65226, 652),
('Majengo', 65227, 652),
('Namangale', 65228, 652),
('Longa', 65229, 652),
('Mtumbya', 65230, 652),
('Kinyope', 65231, 652),
('Mvuleni', 65232, 652),
('Nachingwea Mjini', 65301, 653),
('Nambambo', 65302, 653),
('Kilimanihewa', 65303, 653),
('Stesheni', 65304, 653),
('Namatula', 65305, 653),
('Nangowe', 65306, 653),
('Mpiruka', 65307, 653),
('Mkotokuyana', 65308, 653),
('Naipanga', 65309, 653),
('Ndomoni', 65310, 653),
('Naipingo', 65311, 653),
('Mtua', 65312, 653),
('Mnero Miembeni', 65313, 653),
('Ruponda', 65314, 653),
('Marambo', 65315, 653),
('Chiola', 65316, 653),
('Mkoka', 65317, 653),
('Kipara Mnero', 65318, 653),
('Mnero Ngongo', 65319, 653),
('Namikango', 65320, 653),
('Lionja', 65321, 653),
('Nditi', 65322, 653),
('Namapwia', 65323, 653),
('Mbondo', 65324, 653),
('Matekwe', 65325, 653),
('Kilimarondo', 65326, 653),
('Kiegei', 65327, 653),
('Mitumbati', 65328, 653),
('Kipara mtua', 65329, 653),
('NangOndo', 65330, 653),
('Mchonda', 65331, 653),
('Ngunichile', 65332, 653),
('Raha leo', 65333, 653),
('Chiumbati Shuleni', 65334, 653),
('Boma', 65335, 653),
('Ugawaji', 65336, 653),
('Kilwa Masoko', 65401, 654),
('Kivinje Singino', 65402, 654),
('Miteja', 65403, 654),
('Tingi', 65404, 654),
('Mingumbi', 65405, 654),
('Chumo', 65406, 654),
('Kikole', 65407, 654),
('Mandawa', 65408, 654),
('Pande Mikoma', 65409, 654),
('Lihimalyao', 65410, 654),
('Kiranjeranje', 65411, 654),
('Nanjirinji', 65412, 654),
('Likawage', 65413, 654),
('Mitole', 65414, 654),
('Njinjo', 65415, 654),
('Miguruwe', 65416, 654),
('Kandawale', 65417, 654),
('Kipatimu', 65418, 654),
('Kinjumbi', 65419, 654),
('Songosongo', 65420, 654),
('Kibata', 65421, 654),
('Namayuni', 65422, 654),
('Somanga', 65423, 654),
('Liwale Mjini', 65501, 655),
('Liwale B', 65502, 655),
('Mbaya', 65503, 655),
('Mirui', 65504, 655),
('Kiangara', 65505, 655),
('Mangirikiti', 65506, 655),
('Nangano', 65507, 655),
('Ngongowele', 65508, 655),
('Mihumo', 65509, 655),
('Makata', 65510, 655),
('Mpigamiti', 65511, 655),
('Mlembwe', 65512, 655),
('Barikiwa', 65513, 655),
('Mkutano', 65514, 655),
('Kimambi', 65515, 655),
('Kichonda', 65516, 655),
('Nangando', 65517, 655),
('Likongowele', 65518, 655),
('Lilombe', 65519, 655),
('Kibutuka', 65520, 655),
('Ruangwa', 65601, 656),
('Chunyu', 65602, 656),
('Mbekenyera', 65603, 656),
('Mandarawe', 65604, 656),
('Nkowe', 65605, 656),
('Likunja', 65606, 656),
('Makanjiro', 65607, 656),
('NarungOmbe', 65608, 656),
('Namichiga', 65609, 656),
('Mandawa', 65610, 656),
('Nambilanje', 65611, 656),
('Mnacho', 65612, 656),
('Chienjele', 65613, 656),
('Malolo', 65614, 656),
('Luchelengwa', 65615, 656),
('Chinongwe', 65616, 656),
('Nanganga', 65617, 656),
('Nandagala', 65618, 656),
('Nachingwea', 65619, 656),
('Matambarale', 65620, 656),
('Chibula', 65621, 656),
('MbwemkuruMachangAnja', 65622, 656),
('Sultani area', 67101, 671),
('MjiMkuu', 67102, 671),
('Sabasaba', 67103, 671),
('Mafiga', 67104, 671),
('UwanjawaTaifa', 67105, 671),
('Kingo', 67106, 671),
('MjiMpya', 67107, 671),
('KiwanjaChaNdege', 67108, 671),
('Boma', 67109, 671),
('Kilakala', 67110, 671),
('Bigwa', 67111, 671),
('Kichangani', 67112, 671),
('Mwembesongo', 67113, 671),
('Kihonda', 67114, 671),
('Mazimbu', 67115, 671),
('Mbuyuni', 67116, 671),
('Mlimani', 67117, 671),
('Mzinga', 67118, 671),
('Kingolwira', 67119, 671),
('Lukobe', 67120, 671),
('Mafisa', 67121, 671),
('Tungi', 67122, 671),
('Kauzeni', 67123, 671),
('Luhungo', 67124, 671),
('Magadu', 67125, 671),
('Mkundi', 67126, 671),
('Chamwino', 67127, 671),
('Kihonda', 67128, 671),
('Mindu', 67129, 671),
('Tegetero', 67201, 672),
('Kinole', 67202, 672),
('Mkuyuni', 67203, 672),
('Kiroka', 67204, 672),
('Mkalambani', 67205, 672),
('Mikese', 67206, 672),
('Gwata', 67207, 672),
('Ngerengere', 67208, 672),
('Matuli', 67209, 672),
('Kidugalo', 67210, 672),
('Mkulazi', 67211, 672),
('Tununguo', 67212, 672),
('Lundi', 67213, 672),
('Tawa', 67214, 672),
('Kisemu', 67215, 672),
('Konde', 67216, 672),
('Mtombozi', 67217, 672),
('Kasanga', 67218, 672),
('Bungu', 67219, 672),
('Mvuha', 67220, 672),
('Selembala', 67221, 672),
('Kisaki', 67222, 672),
('Bwakira chini', 67223, 672),
('Kolero', 67224, 672),
('Bwakira juu', 67225, 672),
('Mngazi', 67226, 672),
('Singisa', 67227, 672),
('Kibungo', 67228, 672),
('Kibogwa', 67229, 672),
('Kibuko', 67230, 672),
('Tomondo', 67231, 672),
('Mvomero', 67301, 673),
('Dakawa', 67302, 673),
('Hembeti', 67303, 673),
('Mtibwa', 67304, 673),
('Sungaji', 67305, 673),
('Mhonda', 67306, 673),
('Maskati', 67307, 673),
('Kibati', 67308, 673),
('Diongoya', 67309, 673),
('Kanga', 67310, 673),
('Mzumbe', 67311, 673),
('Melela', 67312, 673),
('Mlali', 67313, 673),
('Bunduki', 67314, 673),
('Langali', 67315, 673),
('Tchenzema', 67316, 673),
('Kikeo', 67317, 673),
('Doma', 67318, 673),
('Pemba', 67319, 673),
('Kinda', 67320, 673),
('Mgeta', 67321, 673),
('Luale', 67322, 673),
('Nyandira', 67323, 673),
('Mangae', 67324, 673),
('Homboza', 67325, 673),
('Lubungo', 67326, 673),
('Msongozi', 67327, 673),
('Mkindo', 67328, 673),
('Kichangani', 67329, 673),
('Mziha', 67330, 673),
('Kasiki', 67401, 674),
('Mbumi', 67402, 674),
('Mkwatani', 67403, 674),
('Magomeni', 67404, 674),
('Masanze', 67405, 674),
('Kilangali', 67406, 674),
('Mabwerebwere', 67407, 674),
('Kimamba  A', 67408, 674),
('Kimamba   B', 67409, 674),
('Chanzuru', 67410, 674),
('Rudewa', 67411, 674),
('Msowero', 67412, 674),
('Dumila', 67413, 674),
('Magole', 67414, 674),
('Magubike', 67415, 674),
('Parakuyo', 67416, 674),
('Berega', 67417, 674),
('Madoto', 67418, 674),
('Mbigiri', 67419, 674),
('Kitete', 67420, 674),
('Mamboya', 67421, 674),
('Mvumi', 67422, 674),
('Maguha', 67423, 674),
('Mabula', 67424, 674),
('Mtumbatu', 67425, 674),
('Lumbiji', 67426, 674),
('Kidete', 67427, 674),
('Lumuma', 67428, 674),
('Zombo', 67429, 674),
('Ulaya', 67430, 674),
('Kidodi', 67431, 674),
('Malolo', 67432, 674),
('Kisanga', 67433, 674),
('Ruhembe', 67434, 674),
('Ruaha', 67435, 674),
('Vidunda', 67436, 674),
('Uleling?ombe', 67437, 674),
('Mhenda', 67438, 674),
('Tindiga', 67439, 674),
('Mikumi', 67440, 674),
('Ifakara', 67501, 675),
('Kibaoni', 67502, 675),
('Kiberege', 67503, 675),
('Kisawasawa', 67504, 675),
('MangUla', 67505, 675),
('Mkula', 67506, 675),
('Sanje', 67507, 675),
('Kidatu', 67508, 675),
('Lumemo', 67509, 675),
('Idete', 67510, 675),
('Mofu', 67511, 675),
('Mbingu', 67512, 675),
('Mchombe', 67513, 675),
('Chita', 67514, 675),
('Chisano', 67515, 675),
('Mlimba', 67516, 675),
('Utengule', 67517, 675),
('Masagati', 67518, 675),
('Uchindile', 67519, 675),
('Kamwene', 67520, 675),
('Mngeta', 67521, 675),
('Michenga', 67522, 675),
('Mwaya', 67523, 675),
('MangUla B', 67524, 675),
('Signal', 67525, 675),
('Msolwa Station', 67526, 675),
('Kalengakelo', 67527, 675),
('Namwawala', 67528, 675),
('Mbasa', 67529, 675),
('Katindiuka', 67530, 675),
('Lipangalala', 67531, 675),
('Mlabani', 67532, 675),
('Viwanjasitini', 67533, 675),
('ChingAnda', 67534, 675),
('Igima', 67535, 675),
('Mahenge Mjini', 67601, 676),
('Vigoi', 67602, 676),
('Isongo', 67603, 676),
('Msogezi', 67604, 676),
('Iragua', 67606, 676),
('Lupiro', 67607, 676),
('Minepa', 67608, 676),
('Kichangani', 67609, 676),
('Lukande', 67610, 676),
('Chirombola', 67611, 676),
('Mwaya', 67612, 676),
('Euga', 67613, 676),
('Sali', 67614, 676),
('Ruaha', 67615, 676),
('Ilonga', 67623, 676),
('Mbuga', 67624, 676),
('Mawasiliano', 67625, 676),
('Nawenge', 67626, 676),
('Uponera', 67627, 676),
('Ketaketa', 67628, 676),
('Milola', 67629, 676),
('Gairo', 67701, 677),
('Rubeho', 67702, 677),
('Mandege', 67703, 677),
('Chagongwe', 67704, 677),
('Chanjale', 67705, 677),
('Kibedya', 67706, 677),
('Chakwale', 67707, 677),
('Iyogwe', 67708, 677),
('Chigela', 67709, 677),
('Madege', 67710, 677),
('Idibo', 67711, 677),
('Leshata', 67712, 677),
('Italagwe', 67713, 677),
('Nongwe', 67714, 677),
('Ukwamani', 67715, 677),
('Magoweko', 67716, 677),
('Mkalama', 67717, 677),
('Msingisi', 67718, 677),
('Itete', 67801, 678),
('Njiwa', 67802, 678),
('Mtimbira', 67803, 678),
('Usangule', 67804, 678),
('Sofi', 67805, 678),
('Malinyi', 67806, 678),
('Igawa', 67807, 678),
('Biro', 67808, 678),
('Ngoheranga', 67809, 678),
('Njisi', 73733, 737),
('Kilosampepo', 678010, 678);

--
-- Indexes for dumped tables
--

--
-- Indexes for table `districts`
--
ALTER TABLE `districts`
  ADD PRIMARY KEY (`district_code`);

--
-- Indexes for table `regions`
--
ALTER TABLE `regions`
  ADD PRIMARY KEY (`region_code`);

--
-- Indexes for table `wards`
--
ALTER TABLE `wards`
  ADD PRIMARY KEY (`ward_code`);
COMMIT;

/*!40101 SET CHARACTER_SET_CLIENT=@OLD_CHARACTER_SET_CLIENT */;
/*!40101 SET CHARACTER_SET_RESULTS=@OLD_CHARACTER_SET_RESULTS */;
/*!40101 SET COLLATION_CONNECTION=@OLD_COLLATION_CONNECTION */;
